Cow-ID,SonT,HA 1h,HA 2h,SoffT,Event,Event-Score,Moocall-Score,Date/Time of Parturition,Kommentar
1792,29.09.2017 16:25,,,29.09.2017 17:24,29.09.2017 18:15,2,,30.09.2017 04:00,
1821,29.09.2017 18:10,29.09.2017 19:42,29.09.2017 20:31,,,6,,02.10.2017 00:50,
1821,,30.09.2017 10:50,30.09.2017 11:50,30.09.2017 14:14,30.09.2017 13:03,2,,02.10.2017 00:50,
9639,01.10.2017 04:00,01.10.2017 10:52,01.10.2017 11:36,01.10.2017 12:46,01.10.2017 10:30,1,,01.10.2017 14:05,
369,02.10.2017 02:00,02.10.2017 10:48,02.10.2017 11:48,,02.10.2017 15:11,3,,05.10.2017 16:50,
369,02.10.2017 15:12,02.10.2017 16:01,02.10.2017 16:48,02.10.2017 18:23,02.10.2017 17:05,2,,05.10.2017 16:50,
921,03.10.2017 09:30,03.10.2017 12:36,,05.10.2017 21:18,05.10.2017 15:22,4,3,08.10.2017 00:50,
1882,05.10.2017 15:30,,,,05.10.2017 20:15,3,,09.10.2017 16:20,
622,05.10.2017 23:00,06.10.2017 17:38,06.10.2017 18:38,06.10.2017 21:13,06.10.2017 19:30,1,,06.10.2017 20:35,
446,06.10.2017 23:30,,,07.10.2017 17:08,07.10.2017 16:13,4,2,12.10.2017 09:15,
2572,07.10.2017 17:15,,,,07.10.2017 22:00,2,,10.10.2017 08:00,
446,07.10.2017 23:00,,,,08.10.2017 15:17,4,2,12.10.2017 09:15,
1851,08.10.2017 15:20,,,,08.10.2017 16:18,2,0,12.10.2017 09:05,
1138,08.10.2017 17:13,,,09.10.2017 19:35,09.10.2017 18:32,2,0,14.10.2017 08:20,
1092,10.10.2017 01:16,10.10.2017 07:41,10.10.2017 08:41,,10.10.2017 09:45,1,0,10.10.2017 10:55,
1138,10.10.2017 11:25,,,,10.10.2017 13:45,2,0,14.10.2017 08:20,
1138,10.10.2017 14:05,,,,10.10.2017 21:40,3,2,14.10.2017 08:20,
1138,10.10.2017 21:41,,,11.10.2017 01:02,11.10.2017 00:20,4,2,14.10.2017 08:20,
1851,10.10.2017 02:26,,,11.10.2017 12:09,11.10.2017 11:21,3,2,12.10.2017 09:05,
2588,11.10.2017 16:05,,,,11.10.2017 18:05,3,1,15.10.2017 06:00,
2588,11.10.2017 18:06,,,,11.10.2017 19:10,2,1,15.10.2017 06:00,
2588,11.10.2017 19:11,,,,12.10.2017 04:10,4,2,15.10.2017 06:00,
1851,12.10.2017 04:17,12.10.2017 05:33,12.10.2017 06:33,,12.10.2017 06:15,1,1,12.10.2017 09:05,
83,12.10.2017 07:17,12.10.2017 10:21,,12.10.2017 11:05,12.10.2017 10:20,1,1,12.10.2017 09:50,
3621,12.10.2017 12:15,,,,12.10.2017 20:27,1,0,12.10.2017 21:10,
1231,13.10.2017 00:15,,,,13.10.2017 07:20,4,2,13.10.2017 17:35,
9853,13.10.2017 07:30,,,,13.10.2017 11:00,2,0,15.10.2017 22:10,
1803,13.10.2017 11:05,,,,13.10.2017 12:23,3,1,23.10.2017 04:40,
1803,13.10.2017 12:33,,,,14.10.2017 07:38,3,1,23.10.2017 04:40,
1803,14.10.2017 07:39,,,,14.10.2017 11:15,3,0,23.10.2017 04:40,
1803,14.10.2017 11:16,,,,14.10.2017 12:10,3,1,23.10.2017 04:40,
1803,14.10.2017 12:11,,,,15.10.2017 12:14,3,0,23.10.2017 04:40,
1803,15.10.2017 12:15,,,16.10.2017 17:23,16.10.2017 16:28,3,1,23.10.2017 04:40,
141,16.10.2017 23:15,,,,17.10.2017 02:12,5,0,21.10.2017 10:15,
141,17.10.2017 02:13,17.10.2017 08:45,,,17.10.2017 08:30,2,1,21.10.2017 10:15,
278,17.10.2017 09:12,,,,17.10.2017 12:15,2,2,22.10.2017 07:40,
565,17.10.2017 13:08,,,,17.10.2017 14:00,2,0,22.10.2017 00:05,
9879,18.10.2017 00:12,,,,18.10.2017 03:15,5,0,22.10.2017 09:05,
9879,18.10.2017 03:16,,,,18.10.2017 12:11,2,1,22.10.2017 09:05,
3940,18.10.2017 12:12,18.10.2017 22:44,,18.10.2017 22:56,18.10.2017 15:32,3,0,25.10.2017 17:00,
3912,19.10.2017 01:20,19.10.2017 03:54,,,19.10.2017 13:17,3,0,20.10.2017 15:05,
3912,19.10.2017 13:18,,,,20.10.2017 00:10,5,0,20.10.2017 15:05,
3912,20.10.2017 00:11,20.10.2017 13:10,20.10.2017 13:10,20.10.2017 13:10,20.10.2017 12:30,1,0,20.10.2017 15:05,
2630,20.10.2017 23:11,,,,21.10.2017 09:30,1,0,21.10.2017 09:45,
976,21.10.2017 17:20,,,,22.10.2017 14:21,3,1,27.10.2017 09:30,
976,23.10.2017 07:21,,,,24.10.2017 04:30,5,0,27.10.2017 09:30,
976,24.10.2017 04:31,,,,25.10.2017 10:23,3,0,27.10.2017 09:30,
3632,25.10.2017 10:18,,,,25.10.2017 21:30,1,0,25.10.2017 23:35,
9769,26.10.2017 01:05,26.10.2017 00:18,26.10.2017 00:19,26.10.2017 00:19,26.10.2017 02:13,2,1,10.11.2017 04:00,
618,26.10.2017 03:14,,,,27.10.2017 23:30,1,1,28.10.2017 00:10,
3588,28.10.2017 00:20,,,,28.10.2017 00:21,5,0,10.11.2017 13:00,
3588,28.10.2017 00:22,,,,28.10.2017 01:14,5,0,10.11.2017 13:00,
3588,28.10.2017 01:15,,,,28.10.2017 02:08,5,0,10.11.2017 13:00,
3588,28.10.2017 02:09,,,,28.10.2017 03:06,5,0,10.11.2017 13:00,
3588,28.10.2017 03:07,,,,28.10.2017 06:11,5,0,10.11.2017 13:00,
3588,28.10.2017 06:12,,,,28.10.2017 07:16,5,0,10.11.2017 13:00,
3588,28.10.2017 07:17,,,,29.10.2017 23:07,4,2,10.11.2017 13:00,
3635,30.10.2017 01:19,,,,31.10.2017 02:14,5,0,03.11.2017 02:20,
3635,31.10.2017 02:15,,,,01.11.2017 02:15,5,2,03.11.2017 02:20,
668,29.09.2017 16:25,,,,29.09.2017 17:00,2,,04.10.2017 18:20,
858,29.09.2017 18:20,29.09.2017 19:32,29.09.2017 20:20,,,6,,30.09.2017 03:25,
858,,29.09.2017 23:41,30.09.2017 00:29,,,6,,30.09.2017 03:25,
858,,30.09.2017 03:46,,30.09.2017 05:20,30.09.2017 01:30,1,,30.09.2017 03:25,
1052,30.09.2017 08:30,,,,01.10.2017 18:00,2,,04.10.2017 13:30,
1052,01.10.2017 18:30,,,,04.10.2017 09:15,9,0,04.10.2017 13:30,TFAB
1052,04.10.2017 09:16,,,,04.10.2017 09:30,1,2,04.10.2017 13:30,
1145,04.10.2017 10:12,04.10.2017 09:18,,,,6,,07.10.2017 08:00,
1145,,04.10.2017 11:34,,,,6,,07.10.2017 08:00,
1145,,04.10.2017 22:15,,,04.10.2017 23:00,3,,07.10.2017 08:00,
1145,04.10.2017 23:01,05.10.2017 03:57,05.10.2017 04:56,05.10.2017 06:46,05.10.2017 05:00,5,2,07.10.2017 08:00,
2592,07.10.2017 15:41,,,,07.10.2017 23:59,5,,08.10.2017 15:00,
8872,08.10.2017 03:00,08.10.2017 04:24,,,,6,,10.11.2017 00:40,
8872,,08.10.2017 09:42,,08.10.2017 11:26,08.10.2017 10:00,2,0,10.11.2017 00:40,
9783,29.09.2017 16:30,,,,29.09.2017 17:00,2, ,30.09.2017 07:05,
668,29.09.2017 18:26,,,,01.10.2017 10:00,4, ,04.10.2017 18:20,
1145,01.10.2017 10:30,01.10.2017 12:53,01.10.2017 13:42,01.10.2017 17:32,01.10.2017 18:00,2,,07.10.2017 08:00,
514,02.10.2017 03:00,,,03.10.2017 03:19,03.10.2017 02:00,2, ,05.10.2017 19:35,
2576,03.10.2017 07:40,,,03.10.2017 13:35,03.10.2017 11:50,2,1,07.10.2017 07:55,
668,03.10.2017 13:55,,,,04.10.2017 00:00,3,3,04.10.2017 18:20,
668,04.10.2017 00:01,,,,04.10.2017 05:00,3,,04.10.2017 18:20,
668,04.10.2017 05:01,,,,04.10.2017 17:30,1,,04.10.2017 18:20,
1882,05.10.2017 01:10,,,,05.10.2017 03:00,5,,09.10.2017 16:20,
1882,05.10.2017 03:01,,,,05.10.2017 11:00,2,,09.10.2017 16:20,
369,05.10.2017 15:13,,,,05.10.2017 18:45,1,,05.10.2017 16:50,
1882,06.10.2017 00:00,,,,06.10.2017 11:00,2,,09.10.2017 16:20,
9847,06.10.2017 23:25,,,,07.10.2017 00:20,3,,09.10.2017 17:10,
9847,07.10.2017 00:21,,,,08.10.2017 05:00,4,2,09.10.2017 17:10,
9847,08.10.2017 05:05,,,,08.10.2017 18:08,4,2,09.10.2017 17:10,
3701,08.10.2017 18:15,,,,08.10.2017 19:16,2,0,14.10.2017 12:00,
9256,08.10.2017 19:53,08.10.2017 21:07,,,,6,,09.10.2017 06:55,
9256,,08.10.2017 23:18,09.10.2017 00:30,,,6,,09.10.2017 06:55,
9256,,09.10.2017 03:32,09.10.2017 04:32,09.10.2017 05:39,09.10.2017 04:30,1,4,09.10.2017 06:55,
8872,09.10.2017 07:44,,,09.10.2017 14:04,09.10.2017 12:45,2,0,10.11.2017 00:40,
8872,09.10.2017 13:12,09.10.2017 14:57,,,,6,,10.11.2017 00:40,
8872,,09.10.2017 20:40,,,,6,,10.11.2017 00:40,
8872,,09.10.2017 22:36,09.10.2017 23:36,10.10.2017 01:42,09.10.2017 23:30,1,2,10.10.2017 00:40,
3621,10.10.2017 02:12,,,,10.10.2017 13:15,4,2,12.10.2017 21:10,
83,10.10.2017 13:13,,,,10.10.2017 21:23,3,2,12.10.2017 09:50,
83,10.10.2017 21:24,,,,11.10.2017 04:15,4,2,12.10.2017 09:50,
3621,11.10.2017 05:12,,,11.10.2017 12:21,11.10.2017 11:00,3,0,12.10.2017 21:10,
1899,11.10.2017 17:05,11.10.2017 22:52,,,,6,,17.10.2017 15:00,
1899,,12.10.2017 00:08,,,,6,,17.10.2017 15:00,
1899,,12.10.2017 02:04,12.10.2017 03:04,,12.10.2017 07:15,3,2,17.10.2017 15:00,
1899,12.10.2017 07:16,12.10.2017 09:51,12.10.2017 10:51,,12.10.2017 14:10,4,2,17.10.2017 15:00,
868,12.10.2017 14:11,,,,13.10.2017 10:17,4,2,14.10.2017 08:10,
490,13.10.2017 10:19,,,,13.10.2017 13:25,2,1,16.10.2017 09:35,
1231,13.10.2017 14:15,13.10.2017 15:32,13.10.2017 16:32,13.10.2017 18:45,13.10.2017 17:50,1,2,13.10.2017 17:35,
1138,14.10.2017 02:17,14.10.2017 07:46,14.10.2017 08:46,,14.10.2017 07:35,1,2,14.10.2017 08:20,
9853,14.10.2017 10:15,,,,15.10.2017 12:21,4,2,15.10.2017 22:10,
3909,15.10.2017 12:24,,,,16.10.2017 00:08,3,0,24.10.2017 11:10,
3909,16.10.2017 00:09,16.10.2017 00:18,16.10.2017 01:30,,,6,,24.10.2017 11:10,
3909,,,16.10.2017 07:26,,,6,,24.10.2017 11:10,
3909,,,16.10.2017 12:05,16.10.2017 13:05,,6,,24.10.2017 11:10,
3909,,16.10.2017 19:32,16.10.2017 20:30,,,6,,24.10.2017 11:10,
3909,,17.10.2017 00:34,17.10.2017 01:22,,,6,,24.10.2017 11:10,
3909,,17.10.2017 04:58,,,,6,,24.10.2017 11:10,
3909,,17.10.2017 08:25,,,,6,,24.10.2017 11:10,
3909,,17.10.2017 11:00,17.10.2017 12:00,,,6,,24.10.2017 11:10,
3909,,18.10.2017 02:21,,,18.10.2017 03:15,3,2,24.10.2017 11:10,
3909,18.10.2017 03:16,,18.10.2017 03:21,18.10.2017 09:00,18.10.2017 08:15,4,2,24.10.2017 11:10,
194,18.10.2017 10:10,,,,18.10.2017 12:20,3,1,27.10.2017 02:00,
194,18.10.2017 12:21,,,18.10.2017 18:38,18.10.2017 17:36,4,2,27.10.2017 02:00,
3944,19.10.2017 01:20,,,19.10.2017 08:56,19.10.2017 07:11,4,2,26.10.2017 13:05,
1803,19.10.2017 07:15,,,,19.10.2017 09:05,4,2,23.10.2017 04:40,
2611,19.10.2017 09:06,19.10.2017 11:15,,19.10.2017 11:52,19.10.2017 11:02,2,1,24.10.2017 05:15,
2603,19.10.2017 12:05,,,,19.10.2017 12:30,2,0,20.10.2017 10:10,
2603,19.10.2017 14:00,,,19.10.2017 18:08,19.10.2017 18:10,2,0,20.10.2017 10:10,
1223,20.10.2017 00:15,,,20.10.2017 13:46,20.10.2017 12:11,2,0,26.10.2017 07:50,
2619,20.10.2017 23:26,,,,21.10.2017 05:05,4,2,21.10.2017 15:50,
2611,21.10.2017 05:06,,,21.10.2017 08:51,21.10.2017 08:05,2,0,24.10.2017 05:15,
527,21.10.2017 17:24,,,,23.10.2017 06:05,4,2,26.10.2017 02:50,
1223,23.10.2017 06:10,,,,24.10.2017 09:45,2,1,26.10.2017 07:50,
2631,24.10.2017 10:05,24.10.2017 11:16,24.10.2017 12:27,,24.10.2017 23:11,2,4,01.11.2017 15:25,
2648,24.10.2017 23:12,,,,25.10.2017 07:03,3,0,27.10.2017 11:40,
2648,25.10.2017 07:04,,,,25.10.2017 10:02,4,2,27.10.2017 11:40,
194,25.10.2017 10:08,,,,26.10.2017 02:30,4,2,27.10.2017 02:00,
1168,26.10.2017 02:21,,,,26.10.2017 03:12,2,0,01.11.2017 01:40,
3944,26.10.2017 03:20,26.10.2017 10:33,26.10.2017 11:33,26.10.2017 13:16,26.10.2017 12:30,1,1,26.10.2017 13:05,
1951,26.10.2017 14:20,26.10.2017 16:05,,26.10.2017 17:25,26.10.2017 20:11,2,0,09.11.2017 20:05,
9769,26.10.2017 23:07,,,,27.10.2017 06:04,4,2,10.11.2017 04:00,
1337,26.10.2017 06:05,27.10.2017 07:41,,27.10.2017 11:23,27.10.2017 13:10,2,0,29.10.2017 12:10,
1175,27.10.2017 15:16,,,,27.10.2017 16:21,2,0,01.11.2017 20:00,
1337,27.10.2017 16:24,28.10.2017 02:01,,,,6,,29.10.2017 12:10,
1337,,28.10.2017 08:06,,,29.10.2017 11:30,1,0,29.10.2017 12:10,
1337,,29.10.2017 11:06,29.10.2017 12:17,29.10.2017 13:05,,7,,29.10.2017 12:10,
2621,29.10.2017 15:07,30.10.2017 01:16,,,,6,,31.10.2017 23:45,
2621,,30.10.2017 20:26,30.10.2017 21:15,,,6,,31.10.2017 23:45,
2621,,31.10.2017 21:46,31.10.2017 22:46,31.10.2017 23:12,31.10.2017 22:30,1,2,31.10.2017 23:45,
2635,31.10.2017 23:22,,,,01.11.2017 22:00,4,2,06.11.2017 12:25,
2641,01.11.2017 22:01,,,,01.11.2017 23:04,5,0,09.11.2017 04:50,
2641,01.11.2017 23:10,01.11.2017 23:13,,,,6,,09.11.2017 04:50,
2641,,02.11.2017 01:58,,,,6,,09.11.2017 04:50,
2641,,02.11.2017 13:48,,,,6,,09.11.2017 04:50,
2641,,02.11.2017 16:37,,,,6,,09.11.2017 04:50,
2641,,02.11.2017 18:43,,,03.11.2017 00:10,4,3,09.11.2017 04:50,
2641,03.11.2017 00:11,03.11.2017 06:35,,,,6,,09.11.2017 04:50,
2641,,03.11.2017 10:21,03.11.2017 11:21,03.11.2017 11:57,03.11.2017 12:01,2,3,09.11.2017 04:50,
2641,03.11.2017 14:02,,03.11.2017 16:10,,,6,,09.11.2017 04:50,
2641,,,03.11.2017 22:44,,04.11.2017 00:25,2,3,09.11.2017 04:50,
2633,04.11.2017 00:28,04.11.2017 01:19,04.11.2017 02:19,,,6,,05.11.2017 12:15,
2633,,05.11.2017 08:53,05.11.2017 10:05,05.11.2017 11:00,05.11.2017 10:30,1,0,05.11.2017 12:15,
2641,05.11.2017 13:02,05.11.2017 11:26,,,06.11.2017 01:08,2,4,09.11.2017 04:50,
2636,06.11.2017 01:11,,,,06.11.2017 10:01,4,2,08.11.2017 18:40,
570,06.11.2017 10:11,06.11.2017 11:55,,,06.11.2017 12:00,2,1,07.11.2017 23:45,
3661,06.11.2017 12:25,,06.11.2017 12:55,,06.11.2017 18:15,5,1,10.11.2017 17:50,
3661,06.11.2017 18:16,,,,07.11.2017 07:27,3,0,10.11.2017 17:50,
3661,07.11.2017 07:28,,,,07.11.2017 08:24,3,0,10.11.2017 17:50,
3661,07.11.2017 08:25,07.11.2017 21:06,,08.11.2017 11:17,08.11.2017 10:12,4,2,10.11.2017 17:50,
3661,08.11.2017 12:12,,,,10.11.2017 14:55,6,,10.11.2017 17:50,TFAB
3661,,,,10.11.2017 16:13,10.11.2017 16:30,1,0,10.11.2017 17:50,
2645,10.11.2017 23:13,11.11.2017 03:35,11.11.2017 04:35,11.11.2017 11:59,11.11.2017 11:04,3,0,,Study over
2574,29.09.2017 18:10,29.09.2017 18:32,29.09.2017 19:32,,,6,,02.10.2017 17:40,
2574,,30.09.2017 20:49,,,01.10.2017 04:00,3,,02.10.2017 17:40,
2574,01.10.2017 04:01,01.10.2017 08:50,01.10.2017 09:50,,,6,,02.10.2017 17:40,
2574,,02.10.2017 14:25,02.10.2017 15:25,02.10.2017 17:21,02.10.2017 17:00,3,,02.10.2017 17:40,
2532,02.10.2017 18:00,02.10.2017 19:27,,,,6,,03.10.2017 13:35,
2532,,02.10.2017 21:41,,02.10.2017 23:07,02.10.2017 22:00,2,0,03.10.2017 13:35,
921,29.09.2017 16:16,,,,29.09.2017 16:20,2,,08.10.2017 00:50,
858,29.09.2017 16:25,,,,29.09.2017 17:00,2,,30.09.2017 03:25,
1854,29.09.2017 18:15,29.09.2017 19:46,,29.09.2017 20:18,29.09.2017 20:00,2,,01.10.2017 11:55,
398,30.09.2017 10:00,30.09.2017 16:40,,,01.10.2017 09:00,3,,03.10.2017 06:50,
398,01.10.2017 09:01,03.10.2017 05:12,03.10.2017 06:12,,03.10.2017 04:30,1,,03.10.2017 06:50,
2532,03.10.2017 07:50,03.10.2017 08:46,03.10.2017 09:46,,,6,,03.10.2017 13:35,
2532,,03.10.2017 13:03,,03.10.2017 13:29,,6,,03.10.2017 13:35,
2572,03.10.2017 13:50,03.10.2017 14:39,03.10.2017 15:39,,03.10.2017 23:00,3,,10.10.2017 08:00,
2572,03.10.2017 23:01,04.10.2017 02:24,,,04.10.2017 10:00,3,1,10.10.2017 08:00,
2576,04.10.2017 10:05,,,,04.10.2017 13:30,20,,07.10.2017 07:55,
2572,04.10.2017 13:47,04.10.2017 15:39,04.10.2017 16:39,,04.10.2017 23:00,3,1,10.10.2017 08:00,
2572,04.10.2017 23:01,05.10.2017 12:42,,05.10.2017 23:51,05.10.2017 23:00,4,2,10.10.2017 08:00,
3701,06.10.2017 01:00,,,,06.10.2017 09:00,2,,14.10.2017 12:00,
2576,06.10.2017 23:00,07.10.2017 04:39,07.10.2017 05:26,07.10.2017 07:47,07.10.2017 06:30,1,0,07.10.2017 07:55,
3493,07.10.2017 08:20,,,08.10.2017 07:35,07.10.2017 15:14,2,1,08.10.2017 18:35,
3493,,08.10.2017 08:10,08.10.2017 09:18,09.10.2017 12:31,,5,,08.10.2017 18:35,
2576,29.09.2017 16:12,29.09.2017 17:50,,01.10.2017 12:51,01.10.2017 13:00,2,,07.10.2017 07:55,
1045,02.10.2017 13:00,04.10.2017 14:33,04.10.2017 15:21,04.10.2017 17:09,04.10.2017 15:30,1,,04.10.2017 16:20,
1099,05.10.2017 03:15,,,05.10.2017 11:28,05.10.2017 12:00,2,,08.10.2017 01:32,
2588,05.10.2017 15:04,06.10.2017 00:17,,,06.10.2017 22:00,2,0,15.10.2017 06:00,
1092,06.10.2017 23:00,,,,07.10.2017 00:01,2,,10.10.2017 10:55,
1851,07.10.2017 00:30,07.10.2017 07:26,,,,6,,12.10.2017 09:05,
1851,,07.10.2017 09:52,07.10.2017 10:51,07.10.2017 20:16,07.10.2017 19:10,3,1,12.10.2017 09:05,
1320,07.10.2017 21:21,,,,08.10.2017 05:20,2,1,10.10.2017 00:10,
2592,08.10.2017 00:01,,,08.10.2017 11:28,08.10.2017 10:00,2,1,08.10.2017 15:00,
8872,08.10.2017 15:13,,,,08.10.2017 17:00,2,1,10.11.2017 00:40,
108,08.10.2017 18:12,08.10.2017 23:41,,,09.10.2017 05:30,4,2,09.10.2017 16:00,
1092,09.10.2017 05:35,,,,09.10.2017 13:35,2,,10.10.2017 10:55,
2566,09.10.2017 15:45,09.10.2017 17:44,,,09.10.2017 17:30,1,1,09.10.2017 19:17,
83,09.10.2017 21:15,10.10.2017 22:09,,,10.10.2017 08:45,3,,12.10.2017 09:50,
1231,10.10.2017 09:23,,,,10.10.2017 21:25,3,1,13.10.2017 17:35,
1231,10.10.2017 21:26,10.10.2017 23:08,,,,6,,13.10.2017 17:35,
1231,,11.10.2017 04:05,,,,6,,13.10.2017 17:35,
1231,,11.10.2017 05:48,,,,6,,13.10.2017 17:35,
1231,,11.10.2017 13:16,,,,6,,13.10.2017 17:35,
1231,,11.10.2017 16:14,,,11.10.2017 19:20,3,1,13.10.2017 17:35,
1231,11.10.2017 19:21,,,,11.10.2017 22:13,4,2,13.10.2017 17:35,
1231,11.10.2017 22:15,,,,12.10.2017 18:25,3,1,13.10.2017 17:35,
2588,13.10.2017 00:12,,,,13.10.2017 07:00,3,1,15.10.2017 06:00,
2588,13.10.2017 07:01,,,,13.10.2017 12:33,2,0,15.10.2017 06:00,
2585,13.10.2017 13:10,,,,14.10.2017 08:03,5,1,18.10.2017 13:10,
2585,14.10.2017 08:04,,,,14.10.2017 13:03,3,1,18.10.2017 13:10,
2585,14.10.2017 13:04,,,,15.10.2017 12:10,3,1,18.10.2017 13:10,
2585,15.10.2017 12:11,,,,18.10.2017 07:04,9,0,18.10.2017 13:10,TFAB
2585,18.10.2017 07:05,,,18.10.2017 10:59,18.10.2017 09:05,4,2,18.10.2017 13:10,
3912,18.10.2017 10:17,18.10.2017 13:25,,18.10.2017 16:39,18.10.2017 11:18,2,1,20.10.2017 15:05,
141,18.10.2017 11:20,,,,18.10.2017 15:21,2,0,21.10.2017 10:15,
3940,19.10.2017 00:10,,,,19.10.2017 09:14,3,1,25.10.2017 17:00,
3940,19.10.2017 09:15,,,,19.10.2017 13:12,2,0,25.10.2017 17:00,
3940,19.10.2017 13:13,,,,19.10.2017 23:20,3,1,25.10.2017 17:00,
3940,19.10.2017 23:21,,,,20.10.2017 02:10,3,1,25.10.2017 17:00,
3940,20.10.2017 02:11,,,20.10.2017 11:02,20.10.2017 10:05,3,2,25.10.2017 17:00,
3620,21.10.2017 01:14,,,,21.10.2017 19:22,3,1,24.10.2017 15:15,
3620,21.10.2017 19:23,21.10.2017 19:44,,,21.10.2017 23:17,4,2,24.10.2017 15:15,
3944,21.10.2017 23:20,22.10.2017 00:28,,,,6,,26.10.2017 13:05,
3944,,22.10.2017 14:47,,22.10.2017 18:21,22.10.2017 17:12,2,1,26.10.2017 13:05,
2545,29.09.2017 16:10,,,,29.09.2017 16:30,2,,30.09.2017 23:15,
2545,29.09.2017 17:10,,,,30.09.2017 09:00,2,,30.09.2017 23:15,
1045,30.09.2017 10:05,,,30.09.2017 14:00,30.09.2017 12:30,2,,04.10.2017 16:20,
1800,01.10.2017 01:00,01.10.2017 02:14,01.10.2017 03:14,,,6,,01.10.2017 09:15,
1800,,01.10.2017 06:27,01.10.2017 07:37,01.10.2017 09:25,01.10.2017 03:30,1,1,01.10.2017 09:15,
1183,02.10.2017 01:00,,,,02.10.2017 04:00,3,,05.10.2017 04:30,
1183,02.10.2017 04:01,,,,02.10.2017 11:00,3,,05.10.2017 04:30,
1183,02.10.2017 11:01,,,,02.10.2017 19:00,3,2,05.10.2017 04:30,
1183,02.10.2017 19:01,03.10.2017 10:15,,,,6,,05.10.2017 04:30,
1183,,03.10.2017 12:48,,03.10.2017 13:40,03.10.2017 11:17,2,,05.10.2017 04:30,
1183,04.10.2017 01:00,,,,04.10.2017 03:00,3,,05.10.2017 04:30,
1183,04.10.2017 03:01,,,,04.10.2017 06:00,4,,05.10.2017 04:30,
1183,04.10.2017 06:01,04.10.2017 01:10,,,,6,,05.10.2017 04:30,
1183,,04.10.2017 04:47,,,,6,,05.10.2017 04:30,
1183,,04.10.2017 22:55,04.10.2017 23:55,05.10.2017 02:14,05.10.2017 01:30,1,0,05.10.2017 04:30,
2575,05.10.2017 04:00,,,05.10.2017 10:04,05.10.2017 09:00,2,0,05.10.2017 15:50,
2571,06.10.2017 05:10,,,,06.10.2017 07:30,1,0,06.10.2017 08:10,
2588,06.10.2017 23:00,,,,09.10.2017 04:00,4,2,15.10.2017 06:00,
2596,09.10.2017 04:02,09.10.2017 16:17,,,,6,,09.10.2017 19:35,
2596,,09.10.2017 18:37,09.10.2017 19:37,09.10.2017 20:29,09.10.2017 18:30,1,2,09.10.2017 19:35,
2581,09.10.2017 21:08,10.10.2017 08:21,10.10.2017 09:21,,,6,,10.10.2017 12:50,
2581,,10.10.2017 12:28,10.10.2017 13:51,,10.10.2017 12:40,1,,10.10.2017 12:50,
3701,10.10.2017 13:22,,,,10.10.2017 21:25,3,1,14.10.2017 12:00,
274,10.10.2017 21:29,11.10.2017 02:04,11.10.2017 03:04,11.10.2017 12:09,11.10.2017 10:00,2,1,15.10.2017 11:05,
2595,11.10.2017 16:10,,,,11.10.2017 20:00,3,0,15.10.2017 17:15,
2595,11.10.2017 20:01,,,,15.10.2017 05:24,9,0,15.10.2017 17:15,TFAB
2595,15.10.2017 05:25,15.10.2017 13:22,15.10.2017 14:22,15.10.2017 18:04,15.10.2017 16:00,1,2,15.10.2017 17:15,
490,16.10.2017 00:15,16.10.2017 03:17,,,,6,,16.10.2017 09:35,
490,,16.10.2017 05:59,16.10.2017 06:59,,16.10.2017 08:00,1,1,16.10.2017 09:35,
278,16.10.2017 10:07,16.10.2017 09:40,,16.10.2017 12:21,16.10.2017 11:24,2,0,22.10.2017 07:40,
2589,16.10.2017 13:05,,,16.10.2017 15:13,16.10.2017 14:19,2,0,16.10.2017 23:30,
366,16.10.2017 23:20,,,,17.10.2017 07:09,4,2,21.10.2017 05:15,
1803,17.10.2017 07:14,,,,17.10.2017 11:21,3,1,23.10.2017 04:40,
1803,17.10.2017 11:22,,,18.10.2017 16:28,18.10.2017 15:24,3,0,23.10.2017 04:40,
1302,19.10.2017 00:15,,,,21.10.2017 01:19,2,1,21.10.2017 16:00,
1302,21.10.2017 01:20,21.10.2017 12:47,21.10.2017 13:47,,21.10.2017 15:30,1,1,21.10.2017 16:00,
1223,21.10.2017 17:22,,,22.10.2017 14:16,22.10.2017 13:15,2,0,26.10.2017 07:50,
1181,22.10.2017 16:10,,,,22.10.2017 23:20,4,2,23.10.2017 20:45,
3944,22.10.2017 23:25,23.10.2017 14:27,,,24.10.2017 15:07,3,0,26.10.2017 13:05,
3944,24.10.2017 15:08,,,,24.10.2017 23:19,4,2,26.10.2017 13:05,
618,24.10.2017 23:21,25.10.2017 03:17,,,,6,,28.10.2017 00:10,
618,,25.10.2017 10:42,25.10.2017 11:42,,25.10.2017 11:19,2,0,28.10.2017 00:10,
3940,25.10.2017 12:13,,,,25.10.2017 15:30,1,1,25.10.2017 17:00,
2631,25.10.2017 23:03,,,,26.10.2017 03:09,2,1,01.11.2017 15:25,
1885,26.10.2017 03:17,,,,26.10.2017 10:00,5,0,10.11.2017 02:15,
1885,26.10.2017 10:01,,,,26.10.2017 14:07,3,1,10.11.2017 02:15,
194,26.10.2017 14:10,26.10.2017 22:37,26.10.2017 23:37,27.10.2017 02:11,27.10.2017 01:10,1,1,27.10.2017 02:00,
2644,27.10.2017 03:06,,,27.10.2017 12:55,27.10.2017 13:01,2,0,02.11.2017 12:25,
1885,27.10.2017 15:11,,,,28.10.2017 10:10,5,0,10.11.2017 02:15,
1885,28.10.2017 10:11,,,29.10.2017 12:23,29.10.2017 11:13,4,2,10.11.2017 02:15,
1168,29.10.2017 15:34,,,,30.10.2017 00:11,2,0,01.11.2017 01:40,
1168,30.10.2017 01:15,,,,30.10.2017 03:30,2,0,01.11.2017 01:40,
1168,30.10.2017 04:12,30.10.2017 04:18,30.10.2017 05:18,,,6,,01.11.2017 01:40,
1168,,30.10.2017 10:58,30.10.2017 12:10,30.10.2017 13:18,30.10.2017 13:14,2,1,01.11.2017 01:40,
2644,30.10.2017 15:10,,,,30.10.2017 22:02,2,0,02.11.2017 12:25,
1168,30.10.2017 23:12,31.10.2017 00:30,31.10.2017 01:30,,,6,,01.11.2017 01:40,
1168,,31.10.2017 09:19,,31.10.2017 12:06,31.10.2017 11:09,2,0,01.11.2017 01:40,
1168,31.10.2017 15:15,31.10.2017 16:49,31.10.2017 17:49,,31.10.2017 19:40,1,2,01.11.2017 01:40,
1931,31.10.2017 20:30,,,,01.11.2017 13:07,4,2,05.11.2017 23:21,
3635,01.11.2017 13:23,,,02.11.2017 08:48,02.11.2017 07:26,4,2,03.11.2017 02:20,
9046,02.11.2017 23:15,03.11.2017 00:27,03.11.2017 01:39,,,6,,05.11.2017 12:05,
9046,,03.11.2017 06:33,03.11.2017 07:33,,,6,,05.11.2017 12:05,
9046,,03.11.2017 13:09,,,,6,,05.11.2017 12:05,
9046,,05.11.2017 06:01,05.11.2017 07:01,05.11.2017 10:40,05.11.2017 09:30,1,0,05.11.2017 12:05,
1925,05.11.2017 14:12,,,,05.11.2017 17:15,3,0,10.11.2017 17:25,
9519,05.11.2017 17:18,,,06.11.2017 08:31,06.11.2017 07:30,1,0,06.11.2017 08:40,
3483,06.11.2017 10:06,,,,07.11.2017 16:30,3,1,11.11.2017 05:50,
3483,07.11.2017 16:31,,,,08.11.2017 13:35,4,2,11.11.2017 05:50,
3483,08.11.2017 13:36,,,,08.11.2017 15:28,4,2,11.11.2017 05:50,
1951,08.11.2017 15:35,,,,08.11.2017 23:21,4,1,09.11.2017 20:05,
1951,08.11.2017 23:22,09.11.2017 14:21,09.11.2017 15:21,,09.11.2017 09:12,6,,09.11.2017 20:05,TFAB
1951,,09.11.2017 18:28,09.11.2017 19:28,09.11.2017 21:08,09.11.2017 19:30,1,0,09.11.2017 20:05,
2656,09.11.2017 23:11,,,,10.11.2017 05:07,4,1,,Study over
2645,10.11.2017 05:11,10.11.2017 06:00,10.11.2017 07:00,,,6,,,Study over 
2645,,10.11.2017 10:55,10.11.2017 11:55,10.11.2017 12:57,,6,,,Study over
2645,,,,10.11.2017 13:09,10.11.2017 12:00,2,1,,Study over
3622,10.11.2017 23:22,11.11.2017 08:53,,11.11.2017 15:16,11.11.2017 14:29,8,1,,Study over
1045,29.09.2017 16:15,,,29.09.2017 20:09,29.09.2017 17:00,2,,04.10.2017 16:20,
3533,30.09.2017 10:20,30.09.2017 14:17,30.09.2017 15:17,30.09.2017 17:59,,6,,30.09.2017 16:35,
1045,30.09.2017 06:00,,,01.10.2017 14:23,,6,,04.10.2017 16:20,
2578,02.10.2017 01:00,02.10.2017 02:03,02.10.2017 03:03,02.10.2017 04:10,02.10.2017 02:00,1,,02.10.2017 02:45,
1092,02.10.2017 05:00,,,02.10.2017 12:18,02.10.2017 11:00,2,,10.10.2017 10:55,
3578,02.10.2017 13:00,02.10.2017 19:19,,,,6,,06.10.2017 23:45,
3578,,02.10.2017 22:48,,,03.10.2017 03:00,2,,06.10.2017 23:45,
3578,03.10.2017 08:10,04.10.2017 21:02,04.10.2017 22:02,,,6,,06.10.2017 23:45,
3578,,05.10.2017 02:36,05.10.2017 03:36,,,6,,06.10.2017 23:45,
3578,,05.10.2017 16:20,,,,6,,06.10.2017 23:45,
3578,,06.10.2017 03:47,,,,6,,06.10.2017 23:45,
3578,,06.10.2017 23:49,,06.10.2017 01:23,06.10.2017 22:15,1,,06.10.2017 23:45,
3578,,,,07.10.2017 10:53,07.10.2017 10:00,20,2,06.10.2017 23:45,
2577,07.10.2017 15:38,07.10.2017 16:37,07.10.2017 17:36,,07.10.2017 17:00,2,,07.10.2017 19:00,
8872,07.10.2017 18:29,,,,07.10.2017 20:00,2,0,10.10.2017 00:40,
108,07.10.2017 05:00,,,,07.10.2017 10:00,2,1,09.10.2017 16:00,
2590,07.10.2017 21:02,08.10.2017 19:12,,,,6,,11.10.2017 15:15,
2590,,09.10.2017 00:46,,,10.10.2017 22:10,3,2,11.10.2017 15:15,
2590,10.10.2017 22:11,,,,11.10.2017 00:07,4,2,11.10.2017 15:15,
2585,10.10.2017 00:08,,,,13.10.2017 04:05,4,2,18.10.2017 13:10,
1899,13.10.2017 04:20,,,,13.10.2017 07:32,3,1,17.10.2017 15:00,
1899,13.10.2017 07:33,,,,13.10.2017 11:16,2,1,17.10.2017 15:00,
9065,13.10.2017 12:16,,,,14.10.2017 07:15,3,1,14.10.2017 23:00,
9065,14.10.2017 07:16,14.10.2017 22:42,,,14.10.2017 22:15,1,1,14.10.2017 23:00,
1899,15.10.2017 00:12,15.10.2017 05:26,15.10.2017 06:26,,,6,,17.10.2017 15:00,
1899,,15.10.2017 09:53,15.10.2017 10:53,,,6,,17.10.2017 15:00,
1899,,15.10.2017 14:18,15.10.2017 15:18,,15.10.2017 12:18,3,1,17.10.2017 15:00,
1899,15.10.2017 12:19,,,,15.10.2017 23:30,3,0,17.10.2017 15:00,
1899,15.10.2017 23:31,16.10.2017 08:37,16.10.2017 09:37,,17.10.2017 09:21,3,1,17.10.2017 15:00,
1899,17.10.2017 11:22,17.10.2017 09:36,17.10.2017 10:25,,,6,,17.10.2017 15:00,
1899,,17.10.2017 13:42,17.10.2017 15:05,17.10.2017 15:34,17.10.2017 15:00,1,0,17.10.2017 15:00,
141,18.10.2017 00:07,,,,18.10.2017 01:10,2,0,21.10.2017 10:15,
565,18.10.2017 01:20,18.10.2017 01:18,,,18.10.2017 13:00,2,0,22.10.2017 00:05,
565,18.10.2017 13:01,,,,19.10.2017 06:02,4,1,22.10.2017 00:05,
3620,19.10.2017 06:05,,,,19.10.2017 09:14,4,2,24.10.2017 15:15,
3909,19.10.2017 09:15,,,20.10.2017 20:30,20.10.2017 19:25,3,1,24.10.2017 11:10,
976,21.10.2017 00:23,,,,21.10.2017 14:15,2,0,27.10.2017 09:30,
2611,21.10.2017 15:10,21.10.2017 16:25,,,21.10.2017 17:05,3,1,24.10.2017 05:15,
2611,21.10.2017 17:06,21.10.2017 21:26,,,21.10.2017 19:07,2,0,24.10.2017 05:15,
2600,21.10.2017 19:10,,,22.10.2017 12:57,22.10.2017 12:12,3,0,23.10.2017 05:28,
2641,22.10.2017 15:05,22.10.2017 19:48,,,22.10.2017 23:10,4,2,09.11.2017 04:50,
2601,22.10.2017 23:11,,,,23.10.2017 03:16,3,1,23.10.2017 16:45,
2601,23.10.2017 03:17,23.10.2017 03:16,,,,6,,23.10.2017 16:45,
2601,,23.10.2017 05:32,,,23.10.2017 12:05,2,0,23.10.2017 16:45,
2601,23.10.2017 12:06,23.10.2017 13:01,23.10.2017 14:01,,23.10.2017 14:30,1,0,23.10.2017 16:45,
3620,23.10.2017 15:22,,,,24.10.2017 00:30,5,0,24.10.2017 15:15,
3620,24.10.2017 01:08,24.10.2017 11:52,24.10.2017 12:52,,24.10.2017 13:30,1,1,24.10.2017 15:15,
3632,24.10.2017 15:06,,,,24.10.2017 23:15,4,2,25.10.2017 23:35,
194,24.10.2017 23:17,25.10.2017 03:14,,25.10.2017 04:59,25.10.2017 04:10,2,0,27.10.2017 02:00,
2641,25.10.2017 05:07,,,,25.10.2017 09:01,2,0,09.11.2017 04:50,
2641,25.10.2017 09:02,25.10.2017 09:53,25.10.2017 10:53,,25.10.2017 13:02,4,2,09.11.2017 04:50,
2621,25.10.2017 13:07,,,,26.10.2017 09:08,5,0,31.10.2017 23:45,
2621,26.10.2017 09:09,,,,27.10.2017 01:00,5,0,31.10.2017 23:45,
2621,27.10.2017 01:01,,,,28.10.2017 15:10,4,2,31.10.2017 23:45,
1931,28.10.2017 15:16,,,,29.10.2017 12:02,9,0,05.11.2017 23:21,TFAB
1931,29.10.2017 12:03,,,,30.10.2017 04:07,4,2,05.11.2017 23:21,
1175,30.10.2017 04:14,,,,31.10.2017 00:15,2,0,01.11.2017 20:00,
3489,31.10.2017 00:22,,,,01.11.2017 02:05,4,2,,Study over
3591,01.11.2017 02:20,01.11.2017 05:27,01.11.2017 06:27,,,6,,01.11.2017 13:00,
3591,,01.11.2017 09:24,01.11.2017 10:13,01.11.2017 12:06,01.11.2017 11:30,1,0,01.11.2017 13:00,
7553,01.11.2017 13:25,,,,03.11.2017 03:38,4,1,08.11.2017 20:20,
3489,03.11.2017 03:42,06.11.2017 02:44,06.11.2017 03:44,,,6,,,Study over
3489,,06.11.2017 10:19,,,,6,,,
3489,,06.11.2017 14:37,06.11.2017 15:37,,06.11.2017 23:02,4,4,,Study over
1934,06.11.2017 23:03,06.11.2017 23:11,,,07.11.2017 00:30,1,0,07.11.2017 01:35,
2658,07.11.2017 00:33,07.11.2017 00:34,07.11.2017 01:34,,07.11.2017 07:10,3,2,09.11.2017 14:15,
2658,07.11.2017 07:11,07.11.2017 11:07,,,08.11.2017 11:25,4,2,09.11.2017 14:15,
2658,08.11.2017 12:07,,,,08.11.2017 13:25,4,2,09.11.2017 14:15,
2658,08.11.2017 13:26,08.11.2017 15:01,08.11.2017 16:01,,08.11.2017 15:06,4,2,09.11.2017 14:15,
2636,08.11.2017 15:20,,,08.11.2017 20:08,08.11.2017 16:30,1,0,08.11.2017 18:40,
2641,08.11.2017 23:16,09.11.2017 01:41,09.11.2017 02:41,,09.11.2017 04:30,1,0,09.11.2017 04:50,
8935,09.11.2017 05:25,,,,11.11.2017 00:26,3,0,,Study over
8935,11.11.2017 00:27,,,,11.11.2017 02:10,4,1,,Study over
97,11.11.2017 02:20,11.11.2017 03:40,11.11.2017 04:40,11.11.2017 07:11,11.11.2017 06:30,1,1,11.11.2017 08:00,
398,29.09.2017 16:32,,,,29.09.2017 17:00,2,,03.10.2017 06:50,
921,29.09.2017 18:25,,,,01.10.2017 03:00,4,,08.10.2017 00:50,
1145,02.10.2017 02:30,02.10.2017 07:00,02.10.2017 07:59,,02.10.2017 15:05,2,,07.10.2017 08:00,
1145,02.10.2017 15:12,02.10.2017 15:25,02.10.2017 16:24,,02.10.2017 20:10,3,2,07.10.2017 08:00,
1145,02.10.2017 20:10,02.10.2017 20:27,,,02.10.2017 21:14,3,2,07.10.2017 08:00,
9745,02.10.2017 21:20,03.10.2017 01:40,03.10.2017 02:28,03.10.2017 05:19,03.10.2017 03:30,1,0,03.10.2017 04:05,
5,03.10.2017 08:20,,,,03.10.2017 09:23,3,,03.10.2017 22:55,
1092,03.10.2017 09:26,,,03.10.2017 13:38,03.10.2017 10:20,2,,10.10.2017 10:55,
5,03.10.2017 13:55,,,03.10.2017 15:17,03.10.2017 17:00,2,,03.10.2017 22:55,
2577,03.10.2017 23:00,,,,03.10.2017 23:59,2,,07.10.2017 19:00,
2576,03.10.2017 23:59,,,,04.10.2017 01:00,2,,07.10.2017 07:55,
514,04.10.2017 01:00,04.10.2017 01:20,,,04.10.2017 06:00,5,,05.10.2017 19:35,
514,04.10.2017 06:01,,,,04.10.2017 11:14,3,,05.10.2017 19:35,
514,04.10.2017 11:15,04.10.2017 13:54,,,04.10.2017 23:00,2,,05.10.2017 19:35,
514,04.10.2017 23:01,05.10.2017 14:07,05.10.2017 15:17,05.10.2017 15:29,05.10.2017 15:00,2,,05.10.2017 19:35,
2576,05.10.2017 16:00,,,05.10.2017 19:22,05.10.2017 18:45,2,,07.10.2017 07:55,
2572,05.10.2017 23:00,,,,06.10.2017 05:00,4,2,10.10.2017 08:00,
2577,06.10.2017 05:00,,,06.10.2017 10:15,06.10.2017 12:00,2,,07.10.2017 19:00,
1145,06.10.2017 23:20,07.10.2017 01:33,07.10.2017 02:32,,,6,,07.10.2017 08:00,
1145,,07.10.2017 05:30,07.10.2017 06:29,07.10.2017 06:53,,?,,07.10.2017 08:00,
3569,07.10.2017 08:20,,,,07.10.2017 16:00,1,,07.10.2017 17:30,
3493,07.10.2017 18:27,08.10.2017 04:05,08.10.2017 05:04,,,6,,08.10.2017 18:35,
3493,,08.10.2017 15:30,08.10.2017 16:30,08.10.2017 19:35,,1,2,08.10.2017 18:35,
1320,08.10.2017 19:56,09.10.2017 06:24,,,,6,,10.10.2017 00:10,
1320,,09.10.2017 20:30,,,,6,,10.10.2017 00:10,
1320,,09.10.2017 22:01,09.10.2017 23:01,10.10.2017 01:39,09.10.2017 23:30,1,,10.10.2017 00:10,
274,10.10.2017 02:10,,,,10.10.2017 13:09,4,2,15.10.2017 11:05,
1899,10.10.2017 13:14,10.10.2017 21:26,10.10.2017 22:25,,10.10.2017 21:32,3,2,17.10.2017 15:00,
1899,10.10.2017 21:33,,,,10.10.2017 22:15,2,0,17.10.2017 15:00,
446,10.10.2017 22:19,,,,11.10.2017 11:36,3,1,12.10.2017 09:15,
446,11.10.2017 11:37,,,,11.10.2017 16:15,3,2,12.10.2017 09:15,
446,11.10.2017 16:16,,,,11.10.2017 23:25,4,2,12.10.2017 09:15,
3701,11.10.2017 23:28,,,,12.10.2017 12:00,3,1,14.10.2017 12:00,
3701,12.10.2017 12:01,13.10.2017 18:36,13.10.2017 19:35,,,6,,14.10.2017 12:00,
3701,,14.10.2017 00:38,14.10.2017 03:22,,,6,,14.10.2017 12:00,
3701,,14.10.2017 05:29,14.10.2017 06:41,,14.10.2017 09:30,1,0,14.10.2017 12:00,
3701,,14.10.2017 10:15,14.10.2017 10:51,14.10.2017 13:02,,7,,14.10.2017 12:00,
1104,14.10.2017 13:25,14.10.2017 14:55,14.10.2017 15:54,,,6,,16.10.2017 17:35,
1104,,15.10.2017 06:50,15.10.2017 07:49,,15.10.2017 11:10,2,1,16.10.2017 17:35,
3509,15.10.2017 12:16,,,,15.10.2017 13:15,2,0,16.10.2017 15:20,
366,15.10.2017 13:20,,,,16.10.2017 00:10,3,1,21.10.2017 05:15,
366,16.10.2017 00:11,,,,16.10.2017 05:00,3,1,21.10.2017 05:15,
366,16.10.2017 05:01,,,16.10.2017 13:00,16.10.2017 10:15,2,0,21.10.2017 05:15,
366,16.10.2017 10:16,,,,16.10.2017 11:13,4,2,21.10.2017 05:15,
3509,16.10.2017 11:14,,,,16.10.2017 12:30,2,0,16.10.2017 15:20,
9879,16.10.2017 13:11,,,16.10.2017 15:11,16.10.2017 14:08,2,0,22.10.2017 09:05,
1897,17.10.2017 00:15,,,,17.10.2017 12:09,3,1,17.10.2017 23:40,
1897,17.10.2017 12:09,17.10.2017 22:35,17.10.2017 23:34,18.10.2017 01:15,17.10.2017 22:30,1,1,17.10.2017 23:40,
1164,18.10.2017 01:15,,,,18.10.2017 12:17,3,1,18.10.2017 16:15,
1164,18.10.2017 12:18,18.10.2017 13:03,18.10.2017 14:02,18.10.2017 18:26,18.10.2017 16:30,1,1,18.10.2017 16:15,
2630,18.10.2017 23:15,,,,19.10.2017 01:02,5,0,21.10.2017 09:45,
2630,19.10.2017 01:03,,,,19.10.2017 03:04,5,0,21.10.2017 09:45,
2630,19.10.2017 04:01,,,19.10.2017 12:07,19.10.2017 11:30,2,1,21.10.2017 09:45,
2630,19.10.2017 13:00,,,20.10.2017 14:02,20.10.2017 13:00,2,0,21.10.2017 09:45,
2617,21.10.2017 01:08,21.10.2017 16:58,,,21.10.2017 17:06,2,0,23.10.2017 04:25,
2617,21.10.2017 17:15,,21.10.2017 17:25,22.10.2017 12:44,22.10.2017 02:08,4,2,23.10.2017 04:25,
2611,22.10.2017 02:10,,,,22.10.2017 03:00,2,0,24.10.2017 05:15,
2611,22.10.2017 03:01,,,,22.10.2017 11:30,2,0,24.10.2017 05:15,
2621,22.10.2017 15:07,,,,23.10.2017 01:09,4,2,31.10.2017 23:45,
2611,23.10.2017 01:10,,,,23.10.2017 09:07,2,1,24.10.2017 05:15,
2644,23.10.2017 09:12,,,,24.10.2017 00:02,4,2,02.11.2017 12:25,
2641,24.10.2017 00:05,24.10.2017 11:13,24.10.2017 12:12,,24.10.2017 23:09,4,2,09.11.2017 04:50,
2625,24.10.2017 23:10,,,25.10.2017 10:23,25.10.2017 12:04,3,0,02.11.2017 12:55,
2625,25.10.2017 12:05,,,,25.10.2017 21:06,4,2,02.11.2017 12:55,
2641,25.10.2017 23:05,,,,27.10.2017 02:00,5,0,09.11.2017 04:50,
2641,27.10.2017 02:01,28.10.2017 06:02,,,28.10.2017 13:06,9,0,09.11.2017 04:50,TFAB
2641,28.10.2017 13:07,28.10.2017 22:08,,,,6,,09.11.2017 04:50,
2641,,29.10.2017 13:59,29.10.2017 14:57,,,6,,09.11.2017 04:50,
2641,,29.10.2017 22:47,29.10.2017 23:46,,,6,,09.11.2017 04:50,
2641,,30.10.2017 07:07,,,,6,,09.11.2017 04:50,
2641,,30.10.2017 11:36,30.10.2017 12:23,30.10.2017 19:43,30.10.2017 15:01,2,0,09.11.2017 04:50,
1168,30.10.2017 15:13,,,,30.10.2017 19:05,2,0,01.11.2017 01:40,
1885,30.10.2017 23:17,,,,31.10.2017 19:05,4,2,10.11.2017 02:15,
1903,31.10.2017 19:10,31.10.2017 20:07,31.10.2017 21:06,31.10.2017 23:36,31.10.2017 22:30,1,0,01.11.2017 01:00,
1885,01.11.2017 03:24,,,,01.11.2017 04:18,5,0,10.11.2017 02:15,
1885,01.11.2017 04:24,01.11.2017 11:04,02.11.2017 00:03,,01.11.2017 17:14,4,2,10.11.2017 02:15,
1911,02.11.2017 00:18,,,,02.11.2017 22:00,3,0,03.11.2017 13:30,
1911,02.11.2017 22:01,02.11.2017 16:36,,,03.11.2017 13:30,1,0,03.11.2017 13:30,
1196,03.11.2017 15:09,03.11.2017 08:18,03.11.2017 09:17,,,6,,05.11.2017 04:00,
1196,,03.11.2017 12:37,03.11.2017 13:36,,04.11.2017 01:41,3,1,05.11.2017 04:00,
1196,04.11.2017 01:42,04.11.2017 01:01,04.11.2017 02:00,,05.11.2017 02:30,1,0,05.11.2017 04:00,
1935,05.11.2017 05:11,,,05.11.2017 10:20,05.11.2017 12:14,2,2,06.11.2017 19:10,
3483,05.11.2017 13:10,,,06.11.2017 00:09,05.11.2017 23:15,2,0,11.11.2017 05:50,
2639,06.11.2017 00:10,07.11.2017 13:04,07.11.2017 14:04,,07.11.2017 17:30,1,1,07.11.2017 17:45,
3489,07.11.2017 23:13,10.11.2017 02:18,,,10.11.2017 04:20,4,0,,Study over
3489,10.11.2017 04:21,10.11.2017 15:03,10.11.2017 15:51,,,6,,,Study over
3489,,10.11.2017 22:46,,,,6,,,Study over
3489,,11.11.2017 02:26,11.11.2017 03:26,,,6,,,Study over
3489,,11.11.2017 10:14,,,,6,,,Study over
3489,,11.11.2017 12:12,,11.11.2017 15:20,11.11.2017 14:25,8,2,,Study over
3489,,,,12.11.2017 18:21,,8,,,Study over
1854,29.09.2017 16:18,,,,29.09.2017 17:00,2,,01.10.2017 11:55,
1792,29.09.2017 18:15,,,29.09.2017 22:55,29.09.2017 20:30,2,,30.09.2017 04:00,
1854,30.09.2017 09:45,,,,30.09.2017 09:50,2,,01.10.2017 11:55,
1883,30.09.2017 10:00,,,30.09.2017 19:21,30.09.2017 19:00,2,,06.10.2017 23:30,
1188,01.10.2017 05:10,01.10.2017 08:05,,,01.10.2017 08:10,2,,03.10.2017 13:10,
1821,01.10.2017 09:00,01.10.2017 11:58,01.10.2017 13:08,01.10.2017 17:19,01.10.2017 19:00,2,,02.10.2017 00:50,
1188,02.10.2017 06:00,,,,02.10.2017 14:20,2,,03.10.2017 13:10,
1188,02.10.2017 14:21,,,02.10.2017 15:17,02.10.2017 15:20,2,,03.10.2017 13:10,
1188,02.10.2017 15:45,03.10.2017 10:44,03.10.2017 11:31,,03.10.2017 12:30,1,2,03.10.2017 13:10,
369,03.10.2017 13:55,03.10.2017 14:45,,,03.10.2017 23:00,3,,05.10.2017 16:50,
369,03.10.2017 23:01,,,,04.10.2017 05:00,4,2,05.10.2017 16:50,
108,04.10.2017 05:01,,,,04.10.2017 10:55,2,,09.10.2017 16:00,
9795,04.10.2017 13:50,,,,05.10.2017 23:00,2,2,06.10.2017 07:30,
9795,05.10.2017 23:01,06.10.2017 06:23,06.10.2017 07:21,06.10.2017 08:08,06.10.2017 06:30,1,1,06.10.2017 07:30,
1882,06.10.2017 23:25,,,07.10.2017 14:03,07.10.2017 15:12,2,,09.10.2017 16:20,
2578,29.09.2017 16:02,,,,29.09.2017 17:00,2,,02.10.2017 02:45,
2578,29.09.2017 17:01,30.09.2017 09:32,30.09.2017 10:31,30.09.2017 12:29,30.09.2017 23:00,2,,02.10.2017 02:45,
1092,01.10.2017 03:00,01.10.2017 09:21,,01.10.2017 17:53,02.10.2017 04:00,2,,10.10.2017 10:55,
2579,02.10.2017 04:00,,,02.10.2017 18:22,02.10.2017 17:00,2,,03.10.2017 04:00,
2558,02.10.2017 19:00,03.10.2017 03:57,,,03.10.2017 12:30,3,,04.10.2017 11:30,
2558,,03.10.2017 12:18,03.10.2017 13:17,,,6,,04.10.2017 11:30,
2558,03.10.2017 12:31,,,,03.10.2017 23:00,3,,04.10.2017 11:30,
2558,03.10.2017 23:01,03.10.2017 23:16,04.10.2017 00:15,,,6,,04.10.2017 11:30,
2558,,04.10.2017 08:57,,,,6,,04.10.2017 11:30,
2558,,04.10.2017 10:11,04.10.2017 11:11,04.10.2017 12:34,04.10.2017 11:00,1,,04.10.2017 11:30,
1092,04.10.2017 13:55,,,04.10.2017 20:57,04.10.2017 20:00,2,,10.10.2017 10:55,
2576,05.10.2017 00:01,,,,05.10.2017 03:00,4,,07.10.2017 07:55,
2576,05.10.2017 03:01,,,05.10.2017 17:33,05.10.2017 14:00,2,,07.10.2017 07:55,
2576,06.10.2017 03:00,,,,06.10.2017 05:00,3,,07.10.2017 07:55,
2576,06.10.2017 05:01,,,06.10.2017 09:53,06.10.2017 09:00,2,,07.10.2017 07:55,
2590,06.10.2017 23:00,,,07.10.2017 11:55,07.10.2017 11:00,2,2,11.10.2017 15:15,
1092,07.10.2017 15:44,,,,07.10.2017 17:25,2,1,10.10.2017 10:55,
1092,,07.10.2017 16:52,07.10.2017 17:40,07.10.2017 20:05,07.10.2017 11:00,20,,10.10.2017 10:55,
3701,07.10.2017 18:10,,,,07.10.2017 19:05,2,1,14.10.2017 12:00,
108,07.10.2017 21:09,08.10.2017 05:51,,08.10.2017 12:29,,6,,09.10.2017 16:00,
108,,08.10.2017 16:24,08.10.2017 17:23,,08.10.2017 09:00,2,0,09.10.2017 16:00,
2572,08.10.2017 15:06,,,08.10.2017 23:09,08.10.2017 22:00,2,1,10.10.2017 08:00,
274,09.10.2017 00:15,,,,09.10.2017 13:35,2,,15.10.2017 11:05,
274,09.10.2017 14:23,,,09.10.2017 17:29,09.10.2017 16:38,4,2,15.10.2017 11:05,
446,09.10.2017 18:21,09.10.2017 21:49,,,10.10.2017 05:16,3,2,12.10.2017 09:15,
446,10.10.2017 05:17,,,,10.10.2017 10:15,4,2,12.10.2017 09:15,
1261,10.10.2017 11:16,10.10.2017 11:17,10.10.2017 12:16,,10.10.2017 21:36,3,1,11.10.2017 02:00,
1261,10.10.2017 21:37,11.10.2017 01:02,11.10.2017 02:01,11.10.2017 11:59,11.10.2017 02:00,1,0,11.10.2017 02:00,
3701,11.10.2017 03:18,11.10.2017 11:16,,,11.10.2017 11:00,2,1,14.10.2017 12:00,
1875,11.10.2017 17:15,,,,11.10.2017 20:20,3,1,12.10.2017 02:20,
1875,11.10.2017 20:21,,12.10.2017 00:15,,12.10.2017 02:00,1,1,12.10.2017 02:20,
446,12.10.2017 03:16,12.10.2017 03:18,12.10.2017 04:18,,12.10.2017 06:30,1,1,12.10.2017 09:15,
446,,12.10.2017 07:10,,,,7,,12.10.2017 09:15,
9065,12.10.2017 08:15,,,,13.10.2017 07:00,3,1,14.10.2017 23:00,
9065,13.10.2017 07:01,,,,13.10.2017 10:00,2,0,14.10.2017 23:00,
181,13.10.2017 10:12,13.10.2017 19:26,13.10.2017 20:25,13.10.2017 22:22,13.10.2017 21:12,4,2,15.10.2017 12:00,
1237,14.10.2017 02:13,,,,14.10.2017 07:20,3,0,18.10.2017 18:45,
1237,14.10.2017 07:21,,,,14.10.2017 11:05,2,0,18.10.2017 18:45,
181,14.10.2017 11:10,14.10.2017 18:52,,,,6,,15.10.2017 12:00,
181,,15.10.2017 04:25,15.10.2017 05:24,,,6,,15.10.2017 12:00,
181,,15.10.2017 08:29,15.10.2017 09:28,15.10.2017 14:00,15.10.2017 07:00,1,2,15.10.2017 12:00,
9879,15.10.2017 14:10,,,,15.10.2017 14:30,2,0,22.10.2017 09:05,
1093,15.10.2017 15:00,15.10.2017 16:04,,,15.10.2017 17:20,4,1,15.10.2017 20:10,
1093,15.10.2017 17:21,,15.10.2017 17:15,15.10.2017 19:52,15.10.2017 19:30,1,1,15.10.2017 20:10,
2584,16.10.2017 00:05,,,16.10.2017 01:57,16.10.2017 02:05,2,1,16.10.2017 20:45,
2594,16.10.2017 02:10,17.10.2017 20:13,,18.10.2017 20:07,18.10.2017 12:08,4,2,19.10.2017 06:00,
2594,18.10.2017 12:09,,,,18.10.2017 19:16,3,2,19.10.2017 06:00,
2619,18.10.2017 23:10,,,,19.10.2017 12:03,3,1,21.10.2017 15:50,
2619,19.10.2017 12:04,19.10.2017 12:07,,,19.10.2017 12:20,3,1,21.10.2017 15:50,
565,19.10.2017 12:20,21.10.2017 21:52,21.10.2017 22:40,22.10.2017 01:40,21.10.2017 21:30,1,1,22.10.2017 00:05,
3909,22.10.2017 03:09,23.10.2017 05:55,,,23.10.2017 10:06,5,0,24.10.2017 11:10,
3909,23.10.2017 10:07,,,,23.10.2017 11:08,5,0,24.10.2017 11:10,
3909,23.10.2017 11:09,23.10.2017 15:41,,,,6,,24.10.2017 11:10,
3909,,24.10.2017 08:25,24.10.2017 09:24,24.10.2017 11:04,24.10.2017 10:30,1,2,24.10.2017 11:10,
9081,24.10.2017 12:20,,,,24.10.2017 12:45,2,0,26.10.2017 09:20,
1223,24.10.2017 13:16,24.10.2017 13:09,,,,6,,26.10.2017 07:50,
1223,,26.10.2017 01:08,,,,6,,26.10.2017 07:50,
1223,,26.10.2017 04:08,26.10.2017 05:19,,,6,,26.10.2017 07:50,
1223,,26.10.2017 06:18,,26.10.2017 06:56,26.10.2017 05:30,1,1,26.10.2017 07:50,
976,26.10.2017 07:05,,,,26.10.2017 09:17,5,0,27.10.2017 09:30,
976,26.10.2017 09:18,,,,26.10.2017 20:05,2,1,27.10.2017 09:30,
1221,26.10.2017 12:16,26.10.2017 20:35,26.10.2017 21:34,26.10.2017 21:59,26.10.2017 20:30,1,0,26.10.2017 21:30,
1931,26.10.2017 23:10,,,27.10.2017 13:20,27.10.2017 12:02,2,0,05.11.2017 23:21,
1304,27.10.2017 16:20,27.10.2017 23:15,,,,6,,31.10.2017 04:35,
1304,,28.10.2017 19:45,,,,6,,31.10.2017 04:35,
1304,,29.10.2017 00:18,,,,6,,31.10.2017 04:35,
1304,,29.10.2017 09:00,,,,6,,31.10.2017 04:35,
1304,,29.10.2017 15:06,29.10.2017 16:06,,,6,,31.10.2017 04:35,
1304,,29.10.2017 22:41,29.10.2017 23:40,,,6,,31.10.2017 04:35,
1304,,30.10.2017 03:57,30.10.2017 04:57,,30.10.2017 06:10,3,0,31.10.2017 04:35,
1304,30.10.2017 06:11,30.10.2017 11:59,,,,6,,31.10.2017 04:35,
1304,,30.10.2017 13:50,30.10.2017 14:50,,31.10.2017 02:30,1,2,31.10.2017 04:35,
1175,31.10.2017 04:12,,,,01.11.2017 12:07,3,0,01.11.2017 20:00,
1175,01.11.2017 12:08,,,,01.11.2017 19:30,1,1,01.11.2017 20:00,
9769,01.11.2017 20:09,,,,01.11.2017 23:10,2,0,10.11.2017 04:00,
1885,02.11.2017 00:30,,,,02.11.2017 07:30,4,2,10.11.2017 02:15,
9046,02.11.2017 07:36,,,,02.11.2017 16:15,4,2,05.11.2017 12:05,
3588,02.11.2017 16:22,,,,02.11.2017 22:30,2,0,10.11.2017 13:00,
9564,03.11.2017 03:45,,,,03.11.2017 20:14,3,1,,Study over
2642,03.11.2017 21:22,,,,05.11.2017 10:03,4,2,08.11.2017 13:15,
1931,05.11.2017 10:10,,,,05.11.2017 20:30,2,0,05.11.2017 23:21,
1796,29.09.2017 16:26,29.09.2017 17:36,29.09.2017 18:36,29.09.2017 19:56,29.09.2017 18:40,1,,29.09.2017 20:15,
2545,30.09.2017 09:40,30.09.2017 20:01,30.09.2017 21:00,,30.09.2017 20:30,1,,30.09.2017 23:15,
1183,01.10.2017 01:20,,,,01.10.2017 10:00,2,,05.10.2017 04:30,
9256,01.10.2017 10:30,01.10.2017 11:15,01.10.2017 12:15,,,6,,09.10.2017 06:55,
9256,,03.10.2017 11:15,03.10.2017 12:15,,,6,,09.10.2017 06:55,
9256,,04.10.2017 10:20,,,,6,,09.10.2017 06:55,
9256,,05.10.2017 02:50,,,05.10.2017 03:00,4,4,09.10.2017 06:55,
108,05.10.2017 03:01,,,05.10.2017 09:20,05.10.2017 10:00,2,,09.10.2017 16:00,
108,06.10.2017 04:00,06.10.2017 10:23,06.10.2017 10:59,06.10.2017 13:12,06.10.2017 22:00,2,,09.10.2017 16:00,
1099,06.10.2017 23:15,07.10.2017 21:39,07.10.2017 22:39,,,6,,08.10.2017 01:32,
1099,,08.10.2017 01:45,,08.10.2017 02:42,08.10.2017 00:30,1,1,08.10.2017 01:32,
3701,08.10.2017 05:00,,,08.10.2017 11:25,08.10.2017 09:00,2,0,14.10.2017 12:00,
274,08.10.2017 15:11,,,,08.10.2017 16:44,2,1,15.10.2017 11:05,
1092,08.10.2017 17:12,08.10.2017 18:35,08.10.2017 19:35,,08.10.2017 19:23,2,1,10.10.2017 10:55,
1641,08.10.2017 19:48,08.10.2017 21:27,08.10.2017 22:16,08.10.2017 22:37,08.10.2017 21:30,1,1,08.10.2017 21:45,
446,09.10.2017 01:05,,,,09.10.2017 07:40,4,2,12.10.2017 09:15,
3701,09.10.2017 07:55,,,,09.10.2017 09:25,2,,14.10.2017 12:00,
2566,09.10.2017 09:30,,,,09.10.2017 10:07,2,0,09.10.2017 19:17,
3701,09.10.2017 10:20,,,,09.10.2017 16:35,3,,14.10.2017 12:00,
3701,09.10.2017 16:40,,,,09.10.2017 18:25,2,1,14.10.2017 12:00,
2588,09.10.2017 23:25,,,09.10.2017 21:09,,6,,15.10.2017 06:00,
2588,,,,10.10.2017 15:56,10.10.2017 13:45,2,1,15.10.2017 06:00,
2619,19.10.2017 23:07,,,20.10.2017 20:32,20.10.2017 19:10,3,0,21.10.2017 15:50,
1223,21.10.2017 00:12,,,,21.10.2017 05:09,2,0,26.10.2017 07:50,
141,21.10.2017 05:12,,,,21.10.2017 06:13,2,0,21.10.2017 10:15,
141,21.10.2017 06:23,21.10.2017 07:40,21.10.2017 08:40,21.10.2017 10:58,21.10.2017 09:00,1,0,21.10.2017 10:15,
9870,21.10.2017 15:20,21.10.2017 19:31,21.10.2017 20:31,,21.10.2017 21:30,1,1,21.10.2017 22:15,
9081,22.10.2017 00:10,,,,22.10.2017 05:00,2,1,26.10.2017 09:20,
194,22.10.2017 05:15,22.10.2017 06:13,,,22.10.2017 08:00,2,0,27.10.2017 02:00,
6988,22.10.2017 15:15,23.10.2017 04:05,23.10.2017 05:05,23.10.2017 07:23,23.10.2017 06:40,1,1,23.10.2017 06:45,
527,23.10.2017 11:20,24.10.2017 10:41,24.10.2017 11:41,,,6,,26.10.2017 02:50,
527,,25.10.2017 02:47,,,26.10.2017 02:30,1,2,26.10.2017 02:50,
2625,26.10.2017 03:10,,,,26.10.2017 11:16,3,2,02.11.2017 12:55,
2631,26.10.2017 11:20,26.10.2017 01:19,26.10.2017 02:19,26.10.2017 03:07,27.10.2017 00:02,4,2,01.11.2017 15:25,
2625,27.10.2017 00:03,,,27.10.2017 13:19,27.10.2017 13:02,2,0,02.11.2017 12:55,
2635,27.10.2017 16:06,,,,27.10.2017 19:01,4,2,06.11.2017 12:45,
2644,27.10.2017 19:03,,,,27.10.2017 20:00,2,0,02.11.2017 12:25,
2625,27.10.2017 20:05,,,,30.10.2017 03:39,9,0,02.11.2017 12:55,TFAB
2625,30.10.2017 04:24,02.11.2017 09:42,02.11.2017 10:42,,02.11.2017 10:45,1,0,02.11.2017 12:55,
9564,02.11.2017 14:10,,,02.11.2017 13:25,02.11.2017 15:00,2,0,,Study over
3635,02.11.2017 15:32,02.11.2017 23:52,03.11.2017 00:52,,03.11.2017 00:55,1,0,03.11.2017 02:20,
2639,03.11.2017 01:06,,,,03.11.2017 23:24,3,1,07.11.2017 17:45,
2639,03.11.2017 23:25,04.11.2017 00:22,04.11.2017 01:22,,05.11.2017 06:04,4,2,07.11.2017 17:45,
9564,05.11.2017 06:18,,,,06.11.2017 06:14,4,1,,Study over
9564,06.11.2017 06:15,,,,06.11.2017 13:11,4,2,,Study over
1935,06.11.2017 13:13,,,,06.11.2017 14:00,2,0,06.11.2017 19:10,
1935,06.11.2017 14:01,06.11.2017 15:02,,06.11.2017 15:23,06.11.2017 16:30,1,0,06.11.2017 19:10,
8935,06.11.2017 17:27,,07.11.2017 00:11,07.11.2017 12:14,07.11.2017 11:30,2,0,,Study over 
8935,07.11.2017 16:22,,,,08.11.2017 15:40,4,2,,Study over
8935,08.11.2017 15:41,,,,08.11.2017 17:19,2,0,,Study over
2658,08.11.2017 23:11,09.11.2017 06:01,09.11.2017 07:01,,,6,,09.11.2017 14:15,
2658,,09.11.2017 10:22,09.11.2017 11:22,09.11.2017 13:17,09.11.2017 11:30,1,0,09.11.2017 14:15,
1336,09.11.2017 23:38,10.11.2017 02:26,10.11.2017 03:26,,,6,,,Study over
1336,,10.11.2017 09:43,10.11.2017 10:43,,,6,,,Study over
1336,,10.11.2017 15:09,,10.11.2017 17:59,10.11.2017 16:19,2,0,,Study over
97,10.11.2017 23:23,,,,11.11.2017 00:17,3,0,11.11.2017 08:00,
1336,11.11.2017 00:23,11.11.2017 01:29,11.11.2017 02:29,,,6,,,Study over 
1336,,11.11.2017 07:21,,11.11.2017 08:21,11.11.2017 07:11,2,0,,Study over
9879,19.10.2017 23:20,20.10.2017 11:08,,20.10.2017 22:45,20.10.2017 20:20,4,2,22.10.2017 09:05,
3940,21.10.2017 00:17,,,,22.10.2017 06:12,4,2,25.10.2017 17:00,
1803,22.10.2017 06:18,23.10.2017 02:24,23.10.2017 03:24,23.10.2017 05:36,23.10.2017 03:00,1,2,23.10.2017 04:40,
1181,23.10.2017 07:10,23.10.2017 17:01,23.10.2017 18:01,23.10.2017 19:26,23.10.2017 18:00,1,0,23.10.2017 20:45,
1915,23.10.2017 23:10,24.10.2017 03:39,,,24.10.2017 04:18,3,1,27.10.2017 05:45,
1915,24.10.2017 04:19,,24.10.2017 04:39,,24.10.2017 12:06,3,1,27.10.2017 05:45,
1915,24.10.2017 12:07,24.10.2017 11:44,24.10.2017 12:44,,24.10.2017 21:06,3,0,27.10.2017 05:45,
1915,24.10.2017 21:07,,,,25.10.2017 02:20,4,2,27.10.2017 05:45,
1175,25.10.2017 02:22,,,,25.10.2017 09:30,2,0,01.11.2017 20:00,
976,25.10.2017 10:25,,,,25.10.2017 23:11,4,2,27.10.2017 09:30,
1175,25.10.2017 23:15,,,,26.10.2017 06:06,4,2,01.11.2017 20:00,
1915,26.10.2017 06:07,,,,26.10.2017 12:16,3,0,27.10.2017 05:45,
1915,26.10.2017 12:17,26.10.2017 12:39,,,26.10.2017 13:07,3,1,27.10.2017 05:45,
1915,26.10.2017 13:08,26.10.2017 18:56,26.10.2017 20:08,,27.10.2017 02:06,6,2,27.10.2017 05:45,
1915,,26.10.2017 23:02,27.10.2017 00:02,27.10.2017 02:11,27.10.2017 03:30,1,1,27.10.2017 05:45,
1955,27.10.2017 03:10,,,,27.10.2017 15:15,5,0,01.11.2017 16:45,
1955,27.10.2017 15:16,27.10.2017 17:56,,,28.10.2017 02:12,2,0,01.11.2017 16:45,
1955,28.10.2017 02:13,,,,30.10.2017 06:13,3,1,01.11.2017 16:45,
1955,30.10.2017 06:14,,,,31.10.2017 01:22,6,,01.11.2017 16:45,TFAB
1955,,01.11.2017 14:03,,,01.11.2017 14:30,1,1,01.11.2017 16:45,
1911,01.11.2017 14:45,,,,01.11.2017 18:00,2,1,03.11.2017 13:30,
3489,01.11.2017 18:04,,,,02.11.2017 07:21,4,2,,Study over
1196,02.11.2017 07:22,02.11.2017 08:19,02.11.2017 09:19,,03.11.2017 11:16,4,2,05.11.2017 04:00,
3588,03.11.2017 12:08,03.11.2017 09:08,,,06.11.2017 04:12,4,3,10.11.2017 13:00,
3588,06.11.2017 04:13,,,,06.11.2017 11:39,9,0,,TFAB
3588,06.11.2017 11:40,07.11.2017 00:04,,,07.11.2017 01:23,4,1,10.11.2017 13:00,
3588,07.11.2017 01:24,08.11.2017 11:04,08.11.2017 12:04,08.11.2017 19:28,08.11.2017 18:27,4,2,10.11.2017 13:00,
3483,08.11.2017 23:25,,,,09.11.2017 00:20,3,1,11.11.2017 05:50,
3588,09.11.2017 00:23,,,,09.11.2017 14:08,5,0,10.11.2017 13:00,
3588,09.11.2017 14:09,09.11.2017 15:02,09.11.2017 16:02,,,6,,10.11.2017 13:00,
3588,,10.11.2017 10:20,10.11.2017 11:20,10.11.2017 14:54,10.11.2017 12:30,1,0,10.11.2017 13:00,
1920,10.11.2017 23:30,11.11.2017 00:41,11.11.2017 01:41,,11.11.2017 03:30,1,0,11.11.2017 04:10,
2650,11.11.2017 05:07,11.11.2017 07:49,11.11.2017 08:49,11.11.2017 09:35,11.11.2017 08:30,1,1,11.11.2017 10:45,
430,15.12.2017 14:26,,,,15.12.2017 16:12,2,0,16.12.2017 02:45,
430,15.12.2017 16:13,16.12.2017 00:13,16.12.2017 00:13,16.12.2017 03:06,16.12.2017 02:30,1,1,16.12.2017 02:45,
1259,16.12.2017 06:09,,,,16.12.2017 14:12,2,0,19.12.2017 15:40,
1259,16.12.2017 14:13,,,,16.12.2017 22:04,4,1,19.12.2017 15:40,
1259,16.12.2017 22:05,,,,16.12.2017 23:09,4,1,19.12.2017 15:40,
1259,16.12.2017 23:10,,,,17.12.2017 01:13,4,1,19.12.2017 15:40,
1259,17.12.2017 01:14,,,,17.12.2017 12:08,2,1,19.12.2017 15:40,
1259,17.12.2017 12:09,,,,17.12.2017 16:13,4,1,19.12.2017 15:40,
1259,17.12.2017 16:14,,,,17.12.2017 21:17,4,1,19.12.2017 15:40,
1259,17.12.2017 21:18,,,,17.12.2017 22:11,4,1,19.12.2017 15:40,
1259,17.12.2017 22:12,,,,17.12.2017 23:19,4,1,19.12.2017 15:40,
1259,17.12.2017 23:20,,,,18.12.2017 01:21,4,1,19.12.2017 15:40,
1259,18.12.2017 01:22,,,,18.12.2017 03:19,4,2,19.12.2017 15:40,
1259,18.12.2017 03:20,,,,18.12.2017 10:21,2,0,19.12.2017 15:40,
1259,18.12.2017 10:22,,,,18.12.2017 15:15,4,1,19.12.2017 15:40,
1259,18.12.2017 15:16,,,,18.12.2017 18:07,4,1,19.12.2017 15:40,
1259,18.12.2017 18:08,,,,18.12.2017 23:15,4,1,19.12.2017 15:40,
1259,18.12.2017 23:16,,,,19.12.2017 00:09,4,1,19.12.2017 15:40,
1259,19.12.2017 00:10,,,,19.12.2017 04:21,4,1,19.12.2017 15:40,
1259,19.12.2017 04:22,,,,19.12.2017 06:12,4,1,19.12.2017 15:40,
1259,19.12.2017 06:13,19.12.2017 10:14,19.12.2017 11:11,,19.12.2017 12:15,2,1,19.12.2017 15:40,
1259,19.12.2017 12:16,19.12.2017 14:20,19.12.2017 15:21,,19.12.2017 15:30,1,1,19.12.2017 15:40,
1279,19.12.2017 16:34,,,,19.12.2017 19:27,2,1,20.12.2017 05:55,
1279,19.12.2017 19:28,19.12.2017 19:34,,,19.12.2017 20:13,3,0,20.12.2017 05:55,
1279,19.12.2017 20:14,,,,19.12.2017 23:15,3,2,20.12.2017 05:55,
1279,19.12.2017 23:16,19.12.2017 23:34,,,20.12.2017 00:08,3,1,20.12.2017 05:55,
1279,20.12.2017 00:09,,,,20.12.2017 01:10,2,1,20.12.2017 05:55,
1279,20.12.2017 01:11,,,,20.12.2017 02:12,2,1,20.12.2017 05:55,
1279,20.12.2017 02:13,,,,20.12.2017 03:14,2,1,20.12.2017 05:55,
1279,20.12.2017 03:15,20.12.2017 03:59,,,20.12.2017 03:30,1,1,20.12.2017 05:55,
1279,,,20.12.2017 04:59,20.12.2017 05:52,,7,,,
2747,20.12.2017 07:08,20.12.2017 08:50,20.12.2017 09:50,,20.12.2017 10:03,4,1,21.12.2017 11:00,
2747,20.12.2017 10:04,,,,20.12.2017 11:17,2,0,21.12.2017 11:00,
2747,20.12.2017 11:18,20.12.2017 13:00,,,20.12.2017 13:04,3,0,21.12.2017 11:00,
2747,20.12.2017 13:05,,20.12.2017 14:00,,20.12.2017 17:20,4,1,21.12.2017 11:00,
2747,20.12.2017 17:21,,,,20.12.2017 18:06,4,2,21.12.2017 11:00,
2747,20.12.2017 18:07,,,,20.12.2017 19:07,4,1,21.12.2017 11:00,
2747,20.12.2017 19:08,,,,20.12.2017 21:10,4,1,21.12.2017 11:00,
2747,20.12.2017 21:11,20.12.2017 22:33,,,20.12.2017 23:10,3,1,21.12.2017 11:00,
2747,20.12.2017 23:11,,20.12.2017 23:33,,21.12.2017 02:06,4,1,21.12.2017 11:00,
2747,21.12.2017 02:07,,,,21.12.2017 03:06,4,1,21.12.2017 11:00,
2747,21.12.2017 03:07,21.12.2017 03:50,,,21.12.2017 04:02,4,1,21.12.2017 11:00,
2747,21.12.2017 04:03,,21.12.2017 05:02,,21.12.2017 07:01,4,1,21.12.2017 11:00,
2747,21.12.2017 07:02,,,,21.12.2017 10:30,1,1,21.12.2017 11:00,
2737,21.12.2017 11:40,21.12.2017 08:42,21.12.2017 09:42,21.12.2017 14:27,21.12.2017 12:38,1,0,21.12.2017 13:05,
3685,15.12.2017 14:12,,,,15.12.2017 16:06,3,0,16.12.2017 18:15,
3685,15.12.2017 16:07,,,,16.12.2017 01:14,4,1,16.12.2017 18:15,
3685,16.12.2017 01:15,,,,16.12.2017 06:07,4,1,16.12.2017 18:15,
3685,16.12.2017 06:08,,,,16.12.2017 09:07,4,1,16.12.2017 18:15,
3685,16.12.2017 09:08,16.12.2017 15:35,,,16.12.2017 16:11,4,1,16.12.2017 18:15,
3685,16.12.2017 16:12,,16.12.2017 16:34,,16.12.2017 16:30,1,1,16.12.2017 18:15,
3994,16.12.2017 17:54,,,,16.12.2017 21:12,2,0,17.12.2017 09:15,
3994,16.12.2017 21:13,,,,16.12.2017 23:12,3,0,17.12.2017 09:15,
3994,16.12.2017 23:13,17.12.2017 07:55,17.12.2017 08:54,17.12.2017 09:12,17.12.2017 08:30,1,1,17.12.2017 09:15,
1284,17.12.2017 10:26,17.12.2017 11:21,,,17.12.2017 15:06,3,0,20.12.2017 01:30,
1284,17.12.2017 15:07,,,,17.12.2017 21:15,4,2,20.12.2017 01:30,
1284,17.12.2017 21:15,,,,18.12.2017 00:20,3,1,20.12.2017 01:30,
1284,18.12.2017 00:21,,,,18.12.2017 02:17,4,1,20.12.2017 01:30,
1284,18.12.2017 02:18,,,,18.12.2017 03:15,4,1,20.12.2017 01:30,
1284,18.12.2017 03:16,,,,18.12.2017 04:12,4,1,20.12.2017 01:30,
1284,18.12.2017 04:13,,,,18.12.2017 07:20,4,2,20.12.2017 01:30,
1284,18.12.2017 07:21,,,,18.12.2017 23:08,3,2,20.12.2017 01:30,
1284,18.12.2017 23:09,,,,19.12.2017 01:10,3,1,20.12.2017 01:30,
1284,19.12.2017 01:11,19.12.2017 03:13,,,19.12.2017 10:40,2,1,20.12.2017 01:30,
1284,19.12.2017 10:41,19.12.2017 19:49,,,19.12.2017 20:15,3,0,20.12.2017 01:30,
1284,19.12.2017 20:16,,19.12.2017 20:48,,19.12.2017 21:30,1,1,20.12.2017 01:30,
1284,,20.12.2017 00:05,20.12.2017 01:04,,,7,,20.12.2017 01:30,
2058,20.12.2017 02:16,,,,20.12.2017 06:02,3,1,,study over
2058,20.12.2017 06:03,20.12.2017 08:06,20.12.2017 09:05,,20.12.2017 08:30,2,1,,study over
9381,20.12.2017 09:24,20.12.2017 14:39,20.12.2017 15:39,,20.12.2017 14:30,1,0,20.12.2017 18:10,
1195,20.12.2017 16:13,,,,20.12.2017 17:30,1,0,20.12.2017 20:10,
9337,20.12.2017 18:21,20.12.2017 19:16,,,,6,,21.12.2017 08:50,
9337,,21.12.2017 07:10,21.12.2017 08:09,,21.12.2017 07:30,1,0,21.12.2017 08:50,
982,21.12.2017 08:11,,,,21.12.2017 10:09,3,1,21.12.2017 14:00,
982,21.12.2017 10:10,21.12.2017 12:19,21.12.2017 13:17,21.12.2017 13:26,21.12.2017 12:43,8,0,21.12.2017 14:00,
9774,15.12.2017 14:15,,,,16.12.2017 01:09,3,1,19.12.2017 18:45,
9774,16.12.2017 01:10,,,,16.12.2017 14:10,2,1,19.12.2017 18:45,
9774,16.12.2017 14:11,,,,16.12.2017 15:15,3,0,19.12.2017 18:45,
9774,16.12.2017 15:16,,,,16.12.2017 18:02,3,0,19.12.2017 18:45,
9774,16.12.2017 18:03,,,,16.12.2017 22:08,3,0,19.12.2017 18:45,
9774,16.12.2017 22:09,,,,16.12.2017 23:11,3,1,19.12.2017 18:45,
9774,16.12.2017 23:12,,,,17.12.2017 08:11,3,0,19.12.2017 18:45,
9774,17.12.2017 08:12,17.12.2017 09:24,,,17.12.2017 09:12,3,1,19.12.2017 18:45,
9774,17.12.2017 09:13,,,,17.12.2017 13:15,4,1,19.12.2017 18:45,
9774,17.12.2017 13:16,,,,17.12.2017 16:07,4,2,19.12.2017 18:45,
9774,17.12.2017 16:08,,,,17.12.2017 22:07,4,2,19.12.2017 18:45,
9774,17.12.2017 22:08,,,,17.12.2017 23:13,4,1,19.12.2017 18:45,
9774,17.12.2017 23:14,,,,18.12.2017 03:14,3,1,19.12.2017 18:45,
9774,18.12.2017 03:15,,,,18.12.2017 05:12,4,2,19.12.2017 18:45,
9774,18.12.2017 05:13,,,,18.12.2017 06:11,4,1,19.12.2017 18:45,
9774,18.12.2017 06:12,,,,18.12.2017 14:07,4,1,19.12.2017 18:45,
9774,18.12.2017 14:08,,,,18.12.2017 15:12,4,2,19.12.2017 18:45,
9774,18.12.2017 15:13,,,,18.12.2017 17:12,4,1,19.12.2017 18:45,
9774,18.12.2017 17:13,,,,18.12.2017 18:08,4,1,19.12.2017 18:45,
9774,18.12.2017 18:09,,,,18.12.2017 23:14,4,2,19.12.2017 18:45,
9774,18.12.2017 23:15,,,,19.12.2017 03:11,2,1,19.12.2017 18:45,
9774,19.12.2017 03:12,,,,19.12.2017 05:12,4,1,19.12.2017 18:45,
9774,19.12.2017 05:13,,,,19.12.2017 10:18,2,1,19.12.2017 18:45,
9774,19.12.2017 10:19,,,,19.12.2017 11:07,3,1,19.12.2017 18:45,
9774,19.12.2017 11:08,,,,19.12.2017 12:54,9,0,19.12.2017 18:45,TFAB
9774,19.12.2017 12:55,,,,19.12.2017 13:05,3,0,19.12.2017 18:45,
9774,19.12.2017 13:06,19.12.2017 16:35,19.12.2017 17:35,,19.12.2017 17:30,1,1,19.12.2017 18:45,
2063,19.12.2017 18:31,,,,20.12.2017 00:06,4,1,,study over
2063,20.12.2017 00:07,20.12.2017 03:53,,,20.12.2017 06:04,3,1,,study over
2063,20.12.2017 06:05,,,,20.12.2017 13:13,3,1,,study over
2063,20.12.2017 13:14,,,,20.12.2017 20:13,4,1,,study over
2063,20.12.2017 20:14,,,,20.12.2017 23:13,4,1,,study over
2063,20.12.2017 23:14,21.12.2017 01:44,,,21.12.2017 04:06,4,1,,study over
2063,21.12.2017 04:07,,,21.12.2017 12:48,21.12.2017 12:30,8,0,,study over
8311,15.12.2017 15:04,,,,16.12.2017 12:05,2,1,19.12.2017 18:20,
8311,16.12.2017 12:06,,,,17.12.2017 00:07,4,2,19.12.2017 18:20,
8311,17.12.2017 00:08,,,,17.12.2017 01:08,4,2,19.12.2017 18:20,
8311,17.12.2017 01:09,,,,17.12.2017 03:07,4,1,19.12.2017 18:20,
8311,17.12.2017 03:08,,,,17.12.2017 07:06,4,2,19.12.2017 18:20,
8311,17.12.2017 07:07,,,,17.12.2017 21:09,4,2,19.12.2017 18:20,
8311,17.12.2017 21:10,,,,17.12.2017 23:13,4,2,19.12.2017 18:20,
8311,17.12.2017 23:14,,,,18.12.2017 00:07,4,2,19.12.2017 18:20,
8311,18.12.2017 00:08,,,,18.12.2017 01:18,4,2,19.12.2017 18:20,
8311,18.12.2017 01:19,,,,18.12.2017 03:17,3,2,19.12.2017 18:20,
8311,18.12.2017 03:18,,,,18.12.2017 06:22,4,2,19.12.2017 18:20,
8311,18.12.2017 06:23,,,,18.12.2017 08:09,4,1,19.12.2017 18:20,
8311,18.12.2017 08:10,,,,18.12.2017 10:04,3,1,19.12.2017 18:20,
8311,18.12.2017 10:05,,,,18.12.2017 11:18,4,2,19.12.2017 18:20,
8311,18.12.2017 11:19,,,,18.12.2017 14:21,4,1,19.12.2017 18:20,
8311,18.12.2017 14:22,,,,18.12.2017 16:10,3,2,19.12.2017 18:20,
8311,18.12.2017 16:11,,,,18.12.2017 17:14,4,2,19.12.2017 18:20,
8311,18.12.2017 17:15,,,,18.12.2017 18:05,4,2,19.12.2017 18:20,
8311,18.12.2017 18:06,,,,18.12.2017 23:14,3,2,19.12.2017 18:20,
8311,18.12.2017 23:15,,,,19.12.2017 01:06,3,2,19.12.2017 18:20,
8311,19.12.2017 01:07,,,,19.12.2017 02:07,3,2,19.12.2017 18:20,
8311,19.12.2017 02:08,,,,19.12.2017 05:09,4,2,19.12.2017 18:20,
8311,19.12.2017 05:10,,,,19.12.2017 07:05,4,2,19.12.2017 18:20,
8311,19.12.2017 07:06,,,,19.12.2017 11:05,3,2,19.12.2017 18:20,
8311,19.12.2017 11:06,,,,19.12.2017 12:06,4,4,19.12.2017 18:20,
8484,19.12.2017 13:03,,,,19.12.2017 16:37,3,1,,study over
8484,19.12.2017 16:38,,,,19.12.2017 20:17,4,2,,study over
8484,19.12.2017 20:18,,,,20.12.2017 02:06,4,1,,study over
8484,20.12.2017 02:07,20.12.2017 04:28,,,20.12.2017 10:09,3,1,,study over
8484,20.12.2017 10:10,,,,20.12.2017 22:11,4,1,,study over
8484,20.12.2017 22:12,,,,21.12.2017 00:10,3,1,,study over
8484,21.12.2017 00:11,,,,21.12.2017 04:10,4,2,,study over
8484,21.12.2017 04:11,,,21.12.2017 13:26,21.12.2017 12:40,8,0,,study over
1317,15.12.2017 14:35,,,,15.12.2017 18:06,4,2,16.12.2017 15:25,
1317,15.12.2017 18:07,,,,15.12.2017 20:18,4,2,16.12.2017 15:25,
1317,15.12.2017 20:19,,,,15.12.2017 21:05,4,1,16.12.2017 15:25,
1317,15.12.2017 21:06,,,,15.12.2017 23:05,4,2,16.12.2017 15:25,
1317,16.12.2017 01:10,,,,16.12.2017 03:16,4,2,16.12.2017 15:25,
1317,16.12.2017 03:17,,,,16.12.2017 05:06,4,2,16.12.2017 15:25,
1317,16.12.2017 05:07,,,,16.12.2017 10:16,4,2,16.12.2017 15:25,
1317,16.12.2017 10:17,,,,16.12.2017 11:06,4,1,16.12.2017 15:25,
1317,16.12.2017 11:07,16.12.2017 11:44,16.12.2017 12:43,,16.12.2017 11:30,1,2,16.12.2017 15:25,
5794,16.12.2017 13:23,,,,16.12.2017 19:16,3,1,20.12.2017 13:55,
5794,16.12.2017 19:17,,,,17.12.2017 03:05,3,1,20.12.2017 13:55,
5794,17.12.2017 03:06,,,,18.12.2017 12:03,2,1,20.12.2017 13:55,
5794,18.12.2017 12:04,,,,19.12.2017 19:06,3,1,20.12.2017 13:55,
5794,19.12.2017 19:07,20.12.2017 09:45,,,20.12.2017 08:30,1,0,20.12.2017 13:55,
11,20.12.2017 11:06,,,,20.12.2017 13:17,9,0,20.12.2017 19:25,TFAB
11,20.12.2017 13:18,20.12.2017 15:30,,,20.12.2017 15:30,1,1,20.12.2017 19:25,
2019,20.12.2017 16:06,20.12.2017 20:47,20.12.2017 21:47,21.12.2017 01:09,20.12.2017 23:30,1,0,20.12.2017 23:45,
2058,21.12.2017 01:20,,,,21.12.2017 04:07,4,2,,study over
2058,21.12.2017 04:08,21.12.2017 05:09,21.12.2017 06:32,21.12.2017 13:34,21.12.2017 12:02,8,0,,study over
2712,15.12.2017 13:55,16.12.2017 10:05,16.12.2017 11:05,,15.12.2017 22:00,4,2,17.12.2017 01:50,
2712,15.12.2017 22:01,,,,16.12.2017 07:03,4,1,17.12.2017 01:50,
2712,16.12.2017 07:04,,,,16.12.2017 10:05,4,1,17.12.2017 01:50,
2712,16.12.2017 10:06,,,,16.12.2017 17:03,4,1,17.12.2017 01:50,
2712,16.12.2017 17:04,16.12.2017 21:31,,,16.12.2017 22:00,4,1,17.12.2017 01:50,
2712,16.12.2017 22:01,,16.02.2017 22:31,,16.12.2017 23:30,1,1,17.12.2017 01:50,
2737,17.12.2017 01:05,,,,17.12.2017 06:02,4,1,21.12.2017 13:05,
2737,17.12.2017 06:03,,,,17.12.2017 09:03,3,1,21.12.2017 13:05,
2737,17.12.2017 09:04,,,,17.12.2017 12:04,4,2,21.12.2017 13:05,
2737,17.12.2017 12:05,,,,17.12.2017 13:07,4,2,21.12.2017 13:05,
2737,17.12.2017 13:08,,,,17.12.2017 15:03,4,2,21.12.2017 13:05,
2737,17.12.2017 15:04,,,,17.12.2017 16:04,4,2,21.12.2017 13:05,
2737,17.12.2017 16:05,,,,17.12.2017 17:05,4,2,21.12.2017 13:05,
2737,17.12.2017 17:06,,,17.12.2017 18:58,17.12.2017 18:01,4,4,21.12.2017 13:05,
3768,17.12.2017 20:15,,,17.12.2017 22:59,17.12.2017 22:13,2,0,18.12.2017 08:05,
2760,17.12.2017 23:08,,,,18.12.2017 00:01,2,0,,study over
2760,18.12.2017 00:02,,,,18.12.2017 05:10,4,1,,study over
2760,18.12.2017 05:11,,,,18.12.2017 18:04,3,0,,study over
2760,18.12.2017 18:05,,,,19.12.2017 00:01,4,1,,study over
2760,19.12.2017 00:02,,,,19.12.2017 18:07,4,2,,study over
2760,19.12.2017 18:08,,,,21.12.2017 00:51,9,0,,TFAB
2760,21.12.2017 00:52,,,21.12.2017 13:38,21.12.2017 12:39,8,1,,study over
1366,15.12.2017 14:40,,,15.12.2017 17:39,15.12.2017 16:17,2,1,19.12.2017 22:25,
1366,15.12.2017 16:18,,,16.12.2017 00:03,15.12.2017 17:12,2,1,19.12.2017 22:25,
1366,15.12.2017 17:13,,,,15.12.2017 23:07,3,1,19.12.2017 22:25,
1366,16.12.2017 02:09,,,,16.12.2017 14:16,2,0,19.12.2017 22:25,
1366,16.12.2017 14:17,,,,16.12.2017 17:12,3,0,19.12.2017 22:25,
1366,16.12.2017 17:13,,,,16.12.2017 18:06,3,0,19.12.2017 22:25,
1366,16.12.2017 18:07,,,,17.12.2017 00:08,4,1,19.12.2017 22:25,
1366,17.12.2017 00:09,,,,17.12.2017 22:04,3,1,19.12.2017 22:25,
1366,17.12.2017 22:05,18.12.2017 02:12,,,19.12.2017 00:05,3,1,19.12.2017 22:25,
1366,19.12.2017 00:06,,,,19.12.2017 13:13,9,0,19.12.2017 22:25,TFAB
1366,19.12.2017 13:14,19.12.2017 19:19,19.12.2017 19:26,,19.12.2017 18:30,1,1,19.12.2017 22:25,
1908,19.12.2017 19:14,,,,19.12.2017 19:25,2,0,20.12.2017 12:00,
1908,19.12.2017 19:26,,,,19.12.2017 20:11,2,0,20.12.2017 12:00,
1908,19.12.2017 20:12,,,,19.12.2017 21:11,2,0,20.12.2017 12:00,
1908,19.12.2017 21:12,,,,19.12.2017 23:30,2,1,20.12.2017 12:00,
9634,20.12.2017 00:15,,,20.12.2017 00:17,20.12.2017 08:07,3,0,,study over
9634,20.12.2017 08:08,20.12.2017 09:55,,,20.12.2017 10:14,4,1,,study over
9634,20.12.2017 10:15,,,,20.12.2017 13:10,3,0,,study over
9634,20.12.2017 13:11,,,,20.12.2017 14:24,2,1,,study over
9634,20.12.2017 14:25,,,,20.12.2017 23:16,3,0,,study over
9634,20.12.2017 23:17,,,,21.12.2017 05:10,4,2,,study over
9634,21.12.2017 05:11,,,,21.12.2017 09:09,4,1,,study over
9634,21.12.2017 09:10,,,,21.12.2017 10:06,4,2,,study over
9634,21.12.2017 10:07,,,21.12.2017 12:48,21.12.2017 12:03,8,2,,study over
1985,15.12.2017 14:44,17.12.2017 16:09,17.12.2017 17:19,,16.12.2017 08:12,4,2,18.12.2017 01:20,
1985,16.12.2017 08:13,,,,16.12.2017 09:14,4,2,18.12.2017 01:20,
1985,16.12.2017 09:15,,,,16.12.2017 10:21,4,2,18.12.2017 01:20,
1985,16.12.2017 10:22,,,,16.12.2017 11:16,4,1,18.12.2017 01:20,
1985,16.12.2017 11:17,,,,16.12.2017 14:17,4,1,18.12.2017 01:20,
1985,16.12.2017 14:18,,,,16.12.2017 16:08,4,1,18.12.2017 01:20,
1985,16.12.2017 16:09,,,,16.12.2017 17:06,4,1,18.12.2017 01:20,
1985,16.12.2017 17:07,,,,16.12.2017 20:06,4,1,18.12.2017 01:20,
1985,16.12.2017 20:07,,,,17.12.2017 01:12,4,2,18.12.2017 01:20,
1985,17.12.2017 01:13,,,,17.12.2017 03:10,3,2,18.12.2017 01:20,
1985,17.12.2017 03:11,,,,17.12.2017 04:08,3,2,18.12.2017 01:20,
1985,17.12.2017 04:09,,,,17.12.2017 10:13,4,1,18.12.2017 01:20,
1985,17.12.2017 10:14,,,,17.12.2017 13:10,3,1,18.12.2017 01:20,
1985,17.12.2017 13:11,,,,17.12.2017 14:13,4,1,18.12.2017 01:20,
1985,17.12.2017 14:14,,,,17.12.2017 16:14,4,2,18.12.2017 01:20,
1985,17.12.2017 16:15,17.12.2017 18:38,17.12.2017 19:38,17.12.2017 22:58,17.12.2017 19:30,1,2,18.12.2017 01:20,
8484,17.12.2017 21:26,,,,17.12.2017 22:17,2,0,,study over
3768,17.12.2017 23:18,,,,18.12.2017 00:10,2,1,18.12.2017 08:05,
3768,18.12.2017 00:11,18.12.2017 05:53,18.12.2017 06:52,,18.12.2017 06:30,1,2,18.12.2017 08:05,
7652,18.12.2017 06:23,,,,18.12.2017 08:13,3,1,,study over
7652,18.12.2017 08:14,,,,18.12.2017 09:09,2,1,,study over
7652,18.12.2017 09:10,,,,18.12.2017 10:17,2,1,,study over
7652,18.12.2017 10:18,,,,18.12.2017 18:11,3,1,,study over
7652,18.12.2017 18:12,,,,18.12.2017 23:15,4,2,,study over
7652,18.12.2017 23:16,,,,19.12.2017 00:06,4,2,,study over
7652,19.12.2017 00:06,,,,19.12.2017 12:09,2,2,,study over
7652,19.12.2017 12:10,,,,19.12.2017 17:13,3,1,,study over
7652,19.12.2017 17:14,19.12.2017 18:26,,,19.12.2017 23:10,4,2,,study over
7652,19.12.2017 23:11,,,,20.12.2017 00:03,2,1,,study over
7652,20.12.2017 00:04,20.12.2017 01:19,20.12.2017 02:18,,20.12.2017 07:10,2,0,,study over
7652,20.12.2017 07:11,,,,20.12.2017 16:04,3,1,,study over
7652,20.12.2017 16:05,,,,21.12.2017 04:09,4,1,,study over
7652,21.12.2017 04:10,,,21.12.2017 13:26,21.12.2017 12:47,8,2,,study over
2728,15.12.2017 14:03,15.12.2017 19:38,,,15.12.2017 22:00,4,1,20.12.2017 21:30,
2728,15.12.2017 22:01,,,,16.12.2017 00:11,4,1,20.12.2017 21:30,
2728,16.12.2017 00:12,,,,16.12.2017 10:04,4,1,20.12.2017 21:30,
2728,16.12.2017 10:05,,,,17.12.2017 15:04,3,1,20.12.2017 21:30,
2728,17.12.2017 15:05,,,,17.12.2017 21:08,3,2,20.12.2017 21:30,
2728,17.12.2017 21:09,17.12.2017 23:03,,,18.12.2017 02:15,4,2,20.12.2017 21:30,
2728,18.12.2017 02:16,,18.12.2017 02:51,,18.12.2017 05:10,4,2,20.12.2017 21:30,
2728,18.12.2017 05:11,,,,18.12.2017 15:07,4,1,20.12.2017 21:30,
2728,18.12.2017 15:08,,,,18.12.2017 23:07,4,1,20.12.2017 21:30,
2728,18.12.2017 23:08,,,,19.12.2017 00:01,4,1,20.12.2017 21:30,
2728,19.12.2017 00:02,,,,19.12.2017 05:07,4,1,20.12.2017 21:30,
2728,19.12.2017 05:08,,,,19.12.2017 15:06,9,0,20.12.2017 21:30,TFAB
2728,19.12.2017 15:07,20.12.2017 00:05,20.12.2017 01:05,,,6,,20.12.2017 21:30,
2728,,20.12.2017 10:03,,,20.12.2017 17:19,4,2,20.12.2017 21:30,
2728,20.12.2017 17:20,20.12.2017 19:22,20.12.2017 20:22,,20.12.2017 20:30,1,2,20.12.2017 21:30,
9896,20.12.2017 21:24,,,,21.12.2017 02:07,4,1,,study over
9896,21.12.2017 02:08,,,,21.12.2017 04:04,4,1,,study over
9896,21.12.2017 04:05,,,,21.12.2017 09:06,3,2,,study over
9896,21.12.2017 09:07,,,,21.12.2017 10:11,3,2,,study over
9896,21.12.2017 10:12,21.12.2017 09:12,21.12.2017 10:12,21.12.2017 13:28,21.12.2017 12:44,6,2,,study over
8635,15.12.2017 14:57,15.12.2017 17:32,15.12.2017 06:32,,15.12.2017 19:30,1,0,15.12.2017 21:55,
1986,15.12.2017 20:13,16.12.2017 08:14,,,16.12.2017 09:10,4,1,16.12.2017 22:45,
1986,16.12.2017 09:11,,,,16.12.2017 10:12,4,1,16.12.2017 22:45,
1986,16.12.2017 10:13,,,,16.12.2017 11:09,4,1,16.12.2017 22:45,
1986,16.12.2017 11:10,16.12.2017 17:49,,,16.12.2017 18:05,4,2,16.12.2017 22:45,
1986,16.12.2017 18:06,,16.12.2017 18:49,,16.12.2017 19:12,4,2,16.12.2017 22:45,
1986,16.12.2017 19:13,,,,16.12.2017 20:30,1,2,16.12.2017 22:45,
9868,16.12.2017 21:15,17.12.2017 02:19,17.12.2017 03:19,,17.12.2017 06:07,4,1,,study over
9868,17.12.2017 06:08,17.12.2017 21:14,,,17.12.2017 07:05,4,1,,study over
9868,17.12.2017 07:06,18.12.2017 02:12,,,18.12.2017 01:19,3,1,,study over
9868,18.12.2017 01:20,,,,18.12.2017 02:19,4,2,,study over
9868,18.12.2017 02:20,,,,18.12.2017 03:18,4,1,,study over
9868,18.12.2017 03:19,,,,18.12.2017 04:12,4,1,,study over
9868,18.12.2017 04:13,,,,18.12.2017 09:13,2,1,,study over
9868,18.12.2017 09:14,,,,18.12.2017 23:13,4,2,,study over
9868,18.12.2017 23:14,19.12.2017 00:39,,,19.12.2017 01:04,4,2,,study over
9868,19.12.2017 01:05,,,,19.12.2017 02:09,4,2,,study over
9868,19.12.2017 02:10,,,,19.12.2017 04:16,4,1,,study over
9868,19.12.2017 04:17,,,,19.12.2017 06:06,4,2,,study over
9868,19.12.2017 06:07,,,,19.12.2017 09:12,2,1,,study over
9868,19.12.2017 09:50,,,,19.12.2017 16:23,4,1,,study over
9868,19.12.2017 16:24,,,,19.12.2017 17:18,4,2,,study over
9868,19.12.2017 17:19,,,,19.12.2017 19:10,4,2,,study over
9868,19.12.2017 19:11,,,,19.12.2017 20:16,4,2,,study over
9868,19.12.2017 20:17,,,,19.12.2017 21:07,4,1,,study over
9868,19.12.2017 21:08,,,,19.12.2017 23:13,4,2,,study over
9868,19.12.2017 23:14,,,,20.12.2017 03:11,4,2,,study over
9868,20.12.2017 03:12,,20.12.2017 03:26,,20.12.2017 10:11,3,1,,study over
9868,20.12.2017 10:12,,,,20.12.2017 17:27,4,2,,study over
9868,20.12.2017 17:28,,,,20.12.2017 18:15,4,1,,study over
9868,20.12.2017 18:16,,,,20.12.2017 19:15,4,1,,study over
9868,20.12.2017 19:16,,,,20.12.2017 20:16,4,1,,study over
9868,20.12.2017 20:17,,,,21.12.2017 00:07,4,1,,study over
9868,21.12.2017 00:08,,,,21.12.2017 05:19,9,0,,TFAB
9868,21.12.2017 05:20,,,,21.12.2017 08:08,4,2,,study over
9868,21.12.2017 08:09,,,,21.12.2017 11:07,4,2,,study over
9868,21.12.2017 11:08,,,21.12.2017 12:49,21.12.2017 12:30,8,2,,study over
